File,PetalColor,PetalShape,Size
0001.png,multicolor,rounded,medium
0002.png,unicolor,rounded,medium
0003.png,unicolor,unrounded,large
0004.png,multicolor,rounded,medium
0005.png,multicolor,rounded,small
0006.png,unicolor,rounded,small
0007.png,unicolor,rounded,medium
0008.png,unicolor,rounded,medium
0009.png,unicolor,rounded,small
0010.png,unicolor,rounded,small
0011.png,multicolor,rounded,small
0012.png,unicolor,rounded,medium
0013.png,unicolor,rounded,medium
0014.png,unicolor,unrounded,medium
0015.png,unicolor,unrounded,large
0016.png,unicolor,rounded,medium
0017.png,unicolor,unrounded,small
0018.png,multicolor,rounded,medium
0019.png,unicolor,rounded,medium
0020.png,unicolor,rounded,large
0021.png,multicolor,unrounded,large
0022.png,unicolor,unrounded,large
0023.png,unicolor,unrounded,large
0024.png,unicolor,unrounded,large
0025.png,unicolor,unrounded,large
0026.png,multicolor,rounded,small
0027.png,unicolor,rounded,large
0028.png,unicolor,unrounded,large
0029.png,multicolor,rounded,medium
0030.png,unicolor,rounded,medium
0031.png,unicolor,unrounded,medium
0032.png,multicolor,rounded,large
0033.png,unicolor,unrounded,large
0034.png,unicolor,rounded,medium
0035.png,unicolor,unrounded,small
0036.png,unicolor,rounded,medium
0037.png,unicolor,unrounded,medium
0038.png,multicolor,unrounded,large
0039.png,unicolor,rounded,large
0040.png,unicolor,rounded,large
0041.png,multicolor,unrounded,medium
0042.png,unicolor,rounded,small
0043.png,unicolor,unrounded,large
0044.png,multicolor,unrounded,large
0045.png,unicolor,rounded,large
0046.png,multicolor,unrounded,large
0047.png,unicolor,unrounded,large
0048.png,unicolor,unrounded,medium
0049.png,multicolor,rounded,medium
0050.png,unicolor,rounded,medium
0051.png,multicolor,unrounded,medium
0052.png,unicolor,unrounded,small
0053.png,multicolor,rounded,medium
0054.png,multicolor,unrounded,medium
0055.png,unicolor,rounded,small
0056.png,multicolor,rounded,medium
0057.png,unicolor,unrounded,large
0058.png,unicolor,unrounded,medium
0059.png,unicolor,rounded,small
0060.png,unicolor,rounded,medium
0061.png,unicolor,unrounded,large
0062.png,unicolor,rounded,medium
0063.png,unicolor,unrounded,medium
0064.png,multicolor,unrounded,medium
0065.png,multicolor,rounded,small
0066.png,unicolor,unrounded,large
0067.png,multicolor,rounded,medium
0068.png,multicolor,rounded,medium
0069.png,multicolor,rounded,large
0070.png,unicolor,unrounded,medium
0071.png,multicolor,unrounded,medium
0072.png,unicolor,unrounded,large
0073.png,multicolor,unrounded,large
0074.png,unicolor,rounded,small
0075.png,unicolor,rounded,medium
0076.png,multicolor,unrounded,large
0077.png,multicolor,rounded,small
0078.png,unicolor,rounded,medium
0079.png,unicolor,rounded,large
0080.png,multicolor,unrounded,large
0081.png,unicolor,rounded,medium
0082.png,unicolor,unrounded,medium
0083.png,multicolor,unrounded,large
0084.png,multicolor,unrounded,medium
0085.png,unicolor,rounded,small
0086.png,unicolor,unrounded,medium
0087.png,multicolor,unrounded,large
0088.png,unicolor,unrounded,medium
0089.png,multicolor,rounded,medium
0090.png,unicolor,unrounded,medium
0091.png,unicolor,rounded,small
0092.png,unicolor,unrounded,medium
0093.png,multicolor,unrounded,medium
0094.png,unicolor,rounded,small
0095.png,unicolor,unrounded,small
0096.png,unicolor,rounded,medium
0097.png,unicolor,unrounded,medium
0098.png,multicolor,rounded,medium
0099.png,unicolor,rounded,medium
0100.png,unicolor,rounded,medium
0101.png,multicolor,unrounded,medium
0102.png,unicolor,unrounded,medium
0103.png,unicolor,unrounded,small
0104.png,unicolor,rounded,small
0105.png,multicolor,unrounded,large
0106.png,multicolor,rounded,medium
0107.png,unicolor,rounded,medium
0108.png,unicolor,rounded,medium
0109.png,multicolor,rounded,medium
0110.png,unicolor,unrounded,medium
0111.png,unicolor,unrounded,medium
0112.png,multicolor,unrounded,large
0113.png,unicolor,rounded,small
0114.png,unicolor,unrounded,small
0115.png,multicolor,rounded,small
0116.png,multicolor,rounded,large
0117.png,multicolor,rounded,small
0118.png,unicolor,rounded,small
0119.png,unicolor,unrounded,medium
0120.png,unicolor,unrounded,small
0121.png,unicolor,unrounded,small
0122.png,multicolor,rounded,large
0123.png,unicolor,rounded,large
0124.png,unicolor,rounded,medium
0125.png,multicolor,unrounded,medium
0126.png,unicolor,unrounded,medium
0127.png,multicolor,rounded,large
0128.png,multicolor,rounded,small
0129.png,unicolor,unrounded,medium
0130.png,multicolor,rounded,medium
0131.png,multicolor,unrounded,medium
0132.png,multicolor,rounded,large
0133.png,multicolor,rounded,small
0134.png,unicolor,rounded,medium
0135.png,unicolor,unrounded,small
0136.png,multicolor,rounded,large
0137.png,unicolor,rounded,small
0138.png,multicolor,unrounded,medium
0139.png,unicolor,rounded,large
0140.png,unicolor,rounded,large
0141.png,multicolor,unrounded,small
0142.png,unicolor,rounded,large
0143.png,multicolor,unrounded,small
0144.png,multicolor,unrounded,medium
0145.png,unicolor,unrounded,medium
0146.png,multicolor,rounded,medium
0147.png,unicolor,unrounded,medium
0148.png,unicolor,rounded,medium
0149.png,multicolor,rounded,small
0150.png,unicolor,unrounded,small
0151.png,unicolor,unrounded,medium
0152.png,multicolor,unrounded,medium
0153.png,unicolor,rounded,large
0154.png,multicolor,unrounded,small
0155.png,multicolor,unrounded,large
0156.png,multicolor,unrounded,medium
0157.png,unicolor,rounded,large
0158.png,unicolor,rounded,large
0159.png,unicolor,unrounded,medium
0160.png,multicolor,rounded,medium
0161.png,multicolor,rounded,large
0162.png,multicolor,unrounded,large
0163.png,multicolor,unrounded,large
0164.png,multicolor,rounded,large
0165.png,unicolor,rounded,large
0166.png,multicolor,rounded,medium
0167.png,unicolor,unrounded,medium
0168.png,multicolor,unrounded,small
0169.png,multicolor,unrounded,small
0170.png,unicolor,unrounded,medium
0171.png,multicolor,unrounded,small
0172.png,unicolor,unrounded,small
0173.png,multicolor,unrounded,medium
0174.png,multicolor,unrounded,large
0175.png,unicolor,rounded,large
0176.png,unicolor,unrounded,large
0177.png,unicolor,unrounded,large
0178.png,unicolor,unrounded,large
0179.png,unicolor,unrounded,large
0180.png,unicolor,unrounded,large
0181.png,unicolor,rounded,medium
0182.png,unicolor,unrounded,large
0183.png,unicolor,rounded,medium
0184.png,multicolor,rounded,large
0185.png,unicolor,unrounded,large
0186.png,unicolor,rounded,small
0187.png,unicolor,rounded,medium
0188.png,unicolor,rounded,small
0189.png,multicolor,unrounded,medium
0190.png,unicolor,unrounded,medium
0191.png,unicolor,unrounded,large
0192.png,unicolor,unrounded,small
0193.png,unicolor,rounded,medium
0194.png,multicolor,unrounded,large
0195.png,unicolor,rounded,large
0196.png,unicolor,unrounded,medium
0197.png,multicolor,rounded,large
0198.png,unicolor,unrounded,medium
0199.png,multicolor,unrounded,medium
0200.png,unicolor,unrounded,small
0201.png,unicolor,rounded,medium
0202.png,multicolor,unrounded,large
0203.png,multicolor,unrounded,large
0204.png,unicolor,unrounded,small
0205.png,unicolor,unrounded,medium
0206.png,multicolor,rounded,large
0207.png,unicolor,rounded,large
0208.png,unicolor,unrounded,large
0209.png,multicolor,rounded,medium
0210.png,unicolor,rounded,small