Rank,Name,Platform,Year,Genre,Publisher,NA_Sales,EU_Sales,JP_Sales,Other_Sales,Global_Sales
16598,SCORE International Baja 1000: The Official Game,PS2,2008,Racing,Activision,0,0,0,0,0.01
9916,Backyard Wrestling 2: There Goes the Neighborhood,XB,2004,Fighting,Eidos Interactive,0.09,0.03,0,0,0.12
11035,Cardfight!! Vanguard: Ride to Victory,3DS,2013,Misc,FuRyu,0,0,0.09,0,0.09
12779,Gold and Glory: The Road to El Dorado,PS,2000,Adventure,Ubisoft,0.03,0.02,0,0,0.06
15552,Miyako,PSP,2010,Adventure,Idea Factory,0,0,0.02,0,0.02
7731,Zombie Army Trilogy,PS4,2015,Shooter,Rebellion Developments,0.04,0.12,0,0.03,0.2
10477,Yu-Gi-Oh! 5D's Wheelie Breakers,Wii,2009,Racing,Konami Digital Entertainment,0.09,0.01,0,0.01,0.1
5141,Dishonored,PS4,2015,Action,Bethesda Softworks,0.11,0.18,0.02,0.06,0.37
3997,Alien: Isolation,XOne,2014,Shooter,Sega,0.22,0.24,0,0.04,0.5
13236,Ms Saga: A New Dawn,PS2,2005,Role-Playing,Namco Bandai Games,0.02,0.02,0,0.01,0.05
14691,Cossacks: European Wars,PC,2001,Strategy,Strategy First,0,0.02,0,0,0.03
6836,Street Fighter X Tekken,PSV,2012,Fighting,Capcom,0.14,0.05,0.01,0.04,0.24
154,Cooking Mama,DS,2006,Simulation,505 Games,3.13,1.94,0.07,0.58,5.72
8177,Sonic Riders: Zero Gravity,PS2,2008,Racing,Sega,0.09,0.07,0,0.02,0.18
5139,Wanted: Weapons of Fate,X360,2009,Shooter,Warner Bros. Interactive Entertainment,0.17,0.15,0,0.04,0.37
2634,Metroid Prime Hunters,DS,2006,Shooter,Nintendo,0.58,0.04,0.11,0.06,0.78
13665,Mortimer Beckett and the Secrets of Spooky Manor,Wii,2008,Puzzle,Avanquest,0.04,0,0,0,0.04
6623,NASCAR 09,X360,2008,Racing,Electronic Arts,0.23,0,0,0.02,0.25
2772,Mortal Kombat: Unchained,PSP,2006,Fighting,Midway Games,0.67,0.01,0,0.06,0.74
14040,Mahjong Taikai,DS,2004,Misc,Tecmo Koei,0,0,0.04,0,0.04
959,The Evil Within,PS4,2014,Action,Bethesda Softworks,0.55,0.84,0.11,0.31,1.81
16325,Binary Star,PSV,2014,Adventure,Idea Factory,0,0,0.01,0,0.01
9619,7th Dragon 2020-II,PSP,2013,Role-Playing,Sega,0,0,0.13,0,0.13
8487,El Shaddai: Ascension of the Metatron,X360,2011,Action,Ignition Entertainment,0.07,0.05,0.03,0.01,0.16
11654,All-Star Baseball 2004,GC,2003,Sports,Acclaim Entertainment,0.06,0.02,0,0,0.08
15205,Tale of a Hero,PC,2010,Adventure,Daedalic,0,0.02,0,0.01,0.02
6148,Viewtiful Joe,PS2,2004,Action,Capcom,0.14,0.11,0,0.04,0.28
2255,WWE SmackDown vs. Raw 2009,X360,2008,Fighting,THQ,0.58,0.26,0,0.08,0.92
13264,Rugby 06,PS2,2006,Sports,Electronic Arts,0.02,0.02,0,0.01,0.05
1772,Qix,GB,1990,Puzzle,Nintendo,0.51,0.2,0.41,0.03,1.15
15420,Trapped Dead,PC,2011,Strategy,Iceberg Interactive,0,0.02,0,0,0.02
3295,Robotech: Battlecry,PS2,2002,Shooter,TDK Mediactive,0.3,0.23,0,0.08,0.61
13345,Galaxy Racers,DS,2010,Racing,Ubisoft,0.04,0,0,0,0.05
581,ESPN NFL 2K5,PS2,2004,Sports,Sega,2.15,0.12,0,0.36,2.62
10649,Ultimate Marvel vs. Capcom 3,PS3,2011,Fighting,Capcom,0,0.04,0.04,0.01,0.1
9933,Spider-Man: Edge of Time,3DS,2011,Action,Activision,0.08,0.03,0,0.01,0.12
7206,KORG DS-10 Synthesizer,DS,2008,Misc,AQ Interactive,0.2,0.01,0,0.02,0.22
8806,Thor: God of Thunder,PS3,2011,Action,Sega,0.07,0.06,0,0.02,0.15
13617,Puyo Pop Fever,PSP,2004,Puzzle,Ignition Entertainment,0,0,0.04,0,0.04
15609,Writing and Speaking Beautiful Japanese DS,DS,N/A,Misc,Unknown,0,0,0.02,0,0.02
15493,Devil Survivor: Over Clock,3DS,2015,Strategy,Atlus,0,0,0.02,0,0.02
12053,Fantastic Four,PS,1997,Action,Acclaim Entertainment,0.04,0.03,0,0,0.07
11850,Disney's Planes,3DS,2013,Simulation,Disney Interactive Studios,0.04,0.03,0,0.01,0.07
1409,Hasbro Family Game Night 2,Wii,2009,Misc,Electronic Arts,0.71,0.53,0,0.13,1.38
14721,Aegis of Earth: Protonovus Assault,PS3,2016,Action,PQube,0.01,0.01,0,0,0.03
1697,Disney's Chip 'n Dale: Rescue Rangers,NES,1990,Platform,Capcom,0.68,0.14,0.35,0.02,1.19
14119,Katekyoo Hitman Reborn! DS: Fate of Heat II - Unmei no Futari,DS,2009,Role-Playing,Marvelous Interactive,0,0,0.03,0,0.03
14538,Robin Hood: Defender of the Crown,XB,2003,Strategy,Capcom,0.02,0.01,0,0,0.03
1223,Mortal Kombat 3,SNES,1994,Fighting,Acclaim Entertainment,1.19,0.29,0,0.05,1.53
12797,Tom Clancy's Rainbow Six 3,GC,2004,Shooter,Ubisoft,0.04,0.01,0,0,0.06
2019,Epic Mickey 2: The Power of Two,Wii,2012,Action,Disney Interactive Studios,0.72,0.23,0,0.08,1.03
13141,"Warhammer 40,000: Dawn of War",PC,2004,Strategy,THQ,0.01,0.03,0,0.01,0.05
6521,Juiced 2: Hot Import Nights,PS3,2007,Racing,THQ,0.18,0.04,0.01,0.03,0.26
1995,Tales of Destiny,PS,1997,Role-Playing,Namco Bandai Games,0.09,0.06,0.83,0.07,1.04
11535,Superman: Shadow of Apokolips,GC,2003,Action,Atari,0.06,0.02,0,0,0.08
12995,Hysteria Hospital: Emergency Ward,Wii,2009,Action,Oxygen Interactive,0.05,0,0,0,0.05
1386,Sonic Advance 3,GBA,2004,Platform,THQ,0.74,0.52,0.08,0.06,1.4
4856,You Don't Know Jack,PS,1999,Misc,Vivendi Games,0.22,0.15,0,0.03,0.4
15778,Dunamis 15,X360,2011,Adventure,5pb,0,0,0.02,0,0.02
7960,Reel Fishing Paradise 3D,3DS,2011,Sports,Marvelous Interactive,0.12,0,0.06,0.01,0.19
12000,Super Robot Taisen OG Saga: Masou Kishin III - Pride of Justice,PS3,2013,Strategy,Namco Bandai Games,0,0,0.07,0,0.07
5010,Skate,PS3,2007,Sports,Electronic Arts,0.29,0.05,0,0.04,0.38
13698,Banushi Life Game: Winner's Circle,DS,2007,Sports,Genki,0,0,0.04,0,0.04
12330,Steambot Chronicles: Battle Tournament,PSP,2008,Fighting,Irem Software Engineering,0.05,0,0.01,0,0.06
10902,Dora the Explorer: Dora Saves the Crystal Kingdom,PS2,2009,Misc,Take-Two Interactive,0.05,0.04,0,0.01,0.09
16140,Game Book DS: Sword World 2.0,DS,2009,Role-Playing,Broccoli,0,0,0.01,0,0.01
7050,Project CARS,XOne,2015,Racing,Slightly Mad Studios,0.08,0.13,0,0.02,0.23
1035,The Order: 1886,PS4,2015,Shooter,Sony Computer Entertainment,0.61,0.78,0.06,0.27,1.72
14754,The Battle of Yuu Yuu Hakusho: Shitou! Ankoku Bujutsukai! 120%,PS2,2007,Fighting,Banpresto,0,0,0.03,0,0.03
14352,SingStar Fussballhits,PS3,2010,Misc,Sony Computer Entertainment,0,0.02,0,0.01,0.03
871,Kirby Squeak Squad,DS,2006,Platform,Nintendo,0.79,0.03,1.05,0.08,1.96
7705,Ratatouille,GBA,2007,Action,THQ,0.14,0.05,0,0,0.2
14171,Driven,GBA,2001,Racing,BAM! Entertainment,0.02,0.01,0,0,0.03
6779,Mega Man X Collection,PS2,N/A,Misc,Unknown,0.12,0.09,0,0.03,0.24
16495,Daito Giken Koushiki Pachi-Slot Simulator: 24 - Twenty-Four,PS2,2008,Misc,Paon,0,0,0.01,0,0.01
4010,Tomb Raider: Anniversary,PS2,2007,Action,Eidos Interactive,0.41,0.02,0,0.07,0.5
8696,Bust-A-Move Bash!,Wii,2007,Puzzle,505 Games,0.13,0.01,0,0.01,0.16
1520,SingStar '80s,PS2,2005,Misc,Sony Computer Entertainment,0.27,0.02,0,1.02,1.3
14653,Puzzle Challenge: Crosswords and More!,Wii,2009,Puzzle,Crave Entertainment,0.03,0,0,0,0.03
8094,Tokyo Xtreme Racer DRIFT,PS2,2003,Racing,Genki,0.09,0.07,0,0.02,0.18
13720,Aeon Flux,PS2,2005,Action,THQ,0.02,0.02,0,0.01,0.04
13179,Yu-Gi-Oh! World Championship 2007,DS,2007,Strategy,Konami Digital Entertainment,0,0.01,0.04,0,0.05
9178,Skylanders Giants,3DS,2012,Action,Activision,0.12,0.01,0,0.01,0.14
8894,DreamWorks Super Star Kartz,Wii,2011,Racing,Activision,0.1,0.04,0,0.01,0.15
1817,The Beatles: Rock Band,PS3,2009,Misc,MTV Games,0.67,0.3,0,0.15,1.13
8326,Buzz! Brain of the UK,PS3,2009,Misc,Sony Computer Entertainment,0,0.15,0,0.02,0.17
9656,World Soccer Winning Eleven 2002,PS,2002,Sports,Konami Digital Entertainment,0,0,0.12,0.01,0.13
14448,Hiiro no Kakera 3: Aoikuro no Kusabi,PS2,2008,Adventure,Idea Factory,0,0,0.03,0,0.03
14713,Timeshock! Pro Pinball,PS,1998,Misc,Empire Interactive,0.02,0.01,0,0,0.03
6263,Kenka Bancho: Badass Rumble,PSP,2008,Action,Spike,0.06,0,0.2,0.01,0.27
16221,Family Jockey,Wii,2008,Sports,Namco Bandai Games,0,0,0.01,0,0.01
22,Super Mario Land,GB,1989,Platform,Nintendo,10.83,2.71,4.18,0.42,18.14
16582,PGA European Tour,N64,2000,Sports,Infogrames,0.01,0,0,0,0.01
10010,Dead Man's Hand,XB,2004,Shooter,Atari,0.09,0.02,0,0,0.11
10329,Hysteria Hospital: Emergency Ward,DS,2009,Action,Oxygen Interactive,0.1,0,0,0.01,0.11
4215,Inazuma Eleven Go 2: Chrono Stone,3DS,2012,Role-Playing,Level 5,0,0.01,0.46,0,0.47
354,Doom II: Hell on Earth,PC,1994,Shooter,Virgin Interactive,2.05,1.4,0,0.16,3.61
10672,Sneakers,XB,2002,Puzzle,Microsoft Game Studios,0.07,0.02,0,0,0.1
1531,Resident Evil Zero,GC,2002,Action,Capcom,0.54,0.27,0.45,0.04,1.29
13602,The Invincible Iron Man,GBA,2002,Action,Activision,0.03,0.01,0,0,0.04
72,Donkey Kong Country,SNES,1994,Platform,Nintendo,4.36,1.71,3,0.23,9.3
16047,Instant Brain,X360,2011,Adventure,Cave,0,0,0.01,0,0.01
4103,Jeopardy!,PS2,2003,Misc,Atari,0.24,0.18,0,0.06,0.48
4698,Grudge Warriors,PS,1999,Action,Take-Two Interactive,0.23,0.16,0,0.03,0.41
216,Dr. Mario,NES,1990,Puzzle,Nintendo,2.62,0.6,1.52,0.1,4.85
768,Demon Attack,2600,1981,Shooter,Imagic,1.99,0.12,0,0.02,2.13
2601,Rayman Origins,X360,2011,Platform,Ubisoft,0.38,0.34,0,0.08,0.79
6001,Ratchet & Clank: Size Matters,PS2,2008,Platform,Sony Computer Entertainment,0.13,0.1,0.03,0.03,0.29
7058,Mega Man & Bass,GBA,2002,Platform,Capcom,0.16,0.06,0,0,0.23
9890,MLB Inside Pitch 2003,XB,2003,Sports,Microsoft Game Studios,0.09,0.03,0,0,0.12
7388,Hidden Mysteries: Titanic - Secrets of the Fateful Voyage,Wii,2009,Adventure,GSP,0.12,0.07,0,0.02,0.21
12083,Hikaru no Go: Heian Gensou Ibunroku,PS,2002,Adventure,Konami Digital Entertainment,0,0,0.06,0,0.07
13952,Resident Evil 6,XOne,2016,Shooter,Capcom,0.03,0,0,0,0.04
6019,CSI: Deadly Intent,Wii,2009,Adventure,Ubisoft,0.13,0.13,0,0.03,0.29
11188,PAC-MAN and the Ghostly Adventures,PS3,2013,Platform,Namco Bandai Games,0.03,0.04,0,0.01,0.09
15578,My Hero: Doctor,DS,2009,Action,Majesco Entertainment,0.02,0,0,0,0.02
6375,Dragon Ball: XenoVerse,X360,2015,Fighting,Namco Bandai Games,0.16,0.08,0,0.02,0.27
11148,RollerCoaster Tycoon 3: Platinum,PC,2005,Strategy,Atari,0.01,0.06,0,0.01,0.09
12898,Shaman King: Soul Fight,GC,2003,Platform,Namco Bandai Games,0,0,0.05,0,0.05
11076,Scrabble,PSP,2009,Misc,Electronic Arts,0.08,0,0,0.01,0.09
8037,Chaotic: Shadow Warriors,DS,2009,Action,Activision,0.17,0,0,0.01,0.18
10604,Lord of Apocalypse,PSV,2011,Role-Playing,Square Enix,0,0,0.1,0,0.1
10186,DualPenSports,3DS,2011,Sports,Namco Bandai Games,0.05,0.05,0,0.01,0.11
586,Style Savvy,DS,2008,Simulation,Nintendo,0.63,0.84,0.96,0.19,2.61
15572,Entaku no Seito: The Eternal Legend,PSP,2012,Role-Playing,Kadokawa Games,0,0,0.02,0,0.02
13042,FIFA Soccer 2004,GBA,2003,Sports,Electronic Arts,0.04,0.01,0,0,0.05
16392,WSC REAL 09: World Snooker Championship,X360,2009,Sports,Deep Silver,0,0.01,0,0,0.01
7014,Worms: Battle Islands,Wii,2010,Strategy,THQ,0.11,0.1,0,0.02,0.23
10346,Cabela's North American Adventures,X360,2010,Sports,Activision,0.1,0,0,0.01,0.11
7466,X-Men: Children of the Atom,SAT,1995,Fighting,Acclaim Entertainment,0,0,0.21,0,0.21
15922,Rayman 10th Anniversary,GBA,2005,Platform,Ubisoft,0.01,0,0,0,0.02
4984,Shin Megami Tensei: Nocturne,PS2,2003,Role-Playing,Ghostlight,0.07,0.05,0.25,0.02,0.38
15886,Sengoku Hime: Senran ni Mau Otometachi,PS2,2009,Adventure,Yeti,0,0,0.02,0,0.02
3523,Ben 10: Alien Force,PS2,2008,Action,Koch Media,0.22,0.02,0,0.33,0.57
6537,Batman: Vengeance,GC,2001,Adventure,Ubisoft,0.2,0.05,0,0.01,0.26
16477,Total War Attila: Tyrants & Kings,PC,2016,Strategy,Koch Media,0,0.01,0,0,0.01
5900,Shin Megami Tensei: Persona 2: Innocent Sin,PSP,2011,Role-Playing,Atlus,0.13,0.03,0.11,0.03,0.3
1522,Test Drive 5,PS,1997,Racing,Accolade,1.05,0.2,0,0.05,1.3
15954,Choro Q,PS2,2003,Racing,Zoo Digital Publishing,0.01,0.01,0,0,0.02
8077,Dying Light,PC,2015,Action,Warner Bros. Interactive Entertainment,0.11,0.06,0,0.02,0.18
15444,Mini Ninjas,PC,2009,Action,Eidos Interactive,0,0.02,0,0,0.02
6997,Hatsune Miku: Project Diva f,PSV,2012,Misc,Sega,0,0,0.23,0,0.23
11988,Super Robot Spirits,N64,1998,Fighting,Banpresto,0,0,0.04,0.03,0.07
6606,Doukyuusei if,SAT,1996,Role-Playing,NEC,0,0,0.26,0,0.26
757,The Sims: House Party,PC,2001,Simulation,Electronic Arts,1.23,0.83,0,0.1,2.16
6181,Pitfall: The Mayan Adventure,GBA,2001,Platform,Interplay,0.2,0.07,0,0.01,0.28
32,Call of Duty: Black Ops,X360,2010,Shooter,Activision,9.67,3.73,0.11,1.13,14.64
2074,Dynasty Warriors 3: Xtreme Legends,PS2,2002,Action,Tecmo Koei,0.13,0.1,0.74,0.03,1
5359,SoulCalibur,DC,1999,Fighting,Namco Bandai Games,0,0,0.34,0,0.34
1636,Mario Power Tennis,GC,2004,Sports,Nintendo,0.58,0.16,0.46,0.03,1.22
8829,Build-A-Bear Workshop: Welcome to Hugsville,DS,2010,Misc,Game Factory,0.14,0,0,0.01,0.15
15336,Chuck E. Cheese's Super Collection,Wii,2011,Action,UFO Interactive,0.02,0,0,0,0.02
4804,Gauntlet: Seven Sorrows,PS2,2005,Role-Playing,Midway Games,0.2,0.15,0,0.05,0.4
3641,WWF Raw,XB,2002,Fighting,THQ,0.4,0.13,0,0.02,0.55
5591,Bratz: Girlz Really Rock,DS,2008,Action,THQ,0.18,0.11,0,0.03,0.32
3935,Rory McIlroy PGA Tour,PS4,2015,Action,Electronic Arts,0.18,0.24,0,0.08,0.51
555,Mario Party,N64,1998,Misc,Nintendo,1.25,0.53,0.87,0.05,2.7
14895,Mahou Sensei Negima! Private Lesson 2: Ojama Shimasu Parasite de Chu,GBA,2006,Role-Playing,Marvelous Interactive,0,0,0.02,0,0.03
3153,X2: Wolverine's Revenge,PS2,2003,Platform,Activision,0.31,0.24,0,0.08,0.64
104,Battlefield 3,PS3,2011,Shooter,Electronic Arts,2.85,2.93,0.35,1.1,7.23
7102,MySims Party,Wii,2009,Simulation,Electronic Arts,0.18,0.03,0,0.02,0.23
2660,DJ Hero,Wii,2009,Misc,Activision,0.47,0.23,0,0.07,0.77
5147,Theatrhythm Final Fantasy: Curtain Call,3DS,2014,Misc,Square Enix,0.13,0.08,0.15,0.02,0.37
7790,Final Fantasy XI,X360,2006,Role-Playing,Square Enix,0.17,0.01,0,0.01,0.19
2024,Tomb Raider,PC,1996,Action,Eidos Interactive,0.96,0.07,0,0,1.03
1432,Yoshi's New Island,3DS,2014,Platform,Nintendo,0.47,0.51,0.28,0.09,1.36
7263,NFL Quarterback Club 2002,PS2,2001,Sports,Acclaim Entertainment,0.11,0.08,0,0.03,0.22
9719,The King of Fighters '94,NG,1994,Fighting,SNK,0,0,0.12,0,0.12
595,Ghostbusters: The Video Game (DS Version),X360,2009,Action,Take-Two Interactive,1.04,1.24,0.03,0.27,2.58
1372,Injustice: Gods Among Us,X360,2013,Fighting,Warner Bros. Interactive Entertainment,0.97,0.34,0,0.11,1.41
11945,Rock Band Country Track Pack 2,PS3,2011,Misc,MTV Games,0.07,0,0,0.01,0.07
15901,"Nogizaka Haruka no Himitsu Cosplay, Hajime Mashita",PS2,2008,Adventure,ASCII Media Works,0,0,0.02,0,0.02
14234,EverBlue 2,PS2,2002,Adventure,Capcom,0.02,0.01,0,0,0.03
9291,Dragon Age Origins: Awakening,PC,2010,Role-Playing,Electronic Arts,0.01,0.1,0,0.02,0.14
15549,Broken Sword: The Sleeping Dragon,XB,2003,Adventure,THQ,0.01,0,0,0,0.02
9309,World Championship Poker 2: Featuring Howard Lederer,PSP,2005,Misc,505 Games,0.12,0,0,0.01,0.14
25,Grand Theft Auto: Vice City,PS2,2002,Action,Take-Two Interactive,8.41,5.49,0.47,1.78,16.15
8123,Marvel Super Hero Squad: Comic Combat,X360,2011,Action,THQ,0.13,0.04,0,0.01,0.18
16042,GunParade Orchestra: Ao no Shou,PS2,2006,Adventure,Sony Computer Entertainment,0,0,0.01,0,0.01
1987,Monster Rancher 2,PS,1998,Simulation,Sony Computer Entertainment,0.19,0.13,0.66,0.07,1.05
3114,Tiger Woods PGA Tour 10,X360,2009,Sports,Electronic Arts,0.39,0.2,0,0.06,0.65
11840,Mugen Souls Z,PS3,2013,Role-Playing,Nippon Ichi Software,0.02,0.01,0.04,0.01,0.07
296,Far Cry 4,PS4,2014,Shooter,Ubisoft,1.12,2.12,0.1,0.69,4.03
4995,Batman: Arkham City,WiiU,2012,Action,Warner Bros. Interactive Entertainment,0.17,0.18,0,0.03,0.38
12557,Pop Cutie! Street Fashion Simulation,DS,2008,Simulation,Tecmo Koei,0.06,0,0,0,0.06
12389,Strike Force Bowling,GC,2005,Sports,Crave Entertainment,0.05,0.01,0,0,0.06
11172,F.E.A.R. Files,X360,2007,Shooter,Vivendi Games,0.07,0.01,0,0.01,0.09
11532,Hidden Invasion,PS2,2001,Shooter,Swing! Entertainment,0.04,0.03,0,0.01,0.08
4403,Celebrity Sports Showdown,Wii,2008,Sports,Electronic Arts,0.18,0.22,0,0.05,0.45
13810,Shadow of the Colossus,PS3,2011,Action,Sony Computer Entertainment,0,0,0.04,0,0.04
10173,ESPN NHL Hockey,XB,2003,Sports,Sega,0.08,0.02,0,0,0.11
2697,Mortal Kombat,PSV,2012,Fighting,Warner Bros. Interactive Entertainment,0.47,0.18,0,0.12,0.76
834,SOCOM: U.S. Navy SEALs: Combined Assault,PS2,2006,Shooter,Sony Computer Entertainment,1.74,0.02,0,0.28,2.04
7747,Dragon Ball Z: Idainaru Dragon Ball Densetsu,PS,1996,Fighting,Namco Bandai Games,0,0,0.18,0.01,0.19
6755,SBK Superbike World Championship,PS3,2008,Racing,Black Bean Games,0.12,0.11,0,0.02,0.25
6186,Hot Wheels: Track Attack,DS,2010,Racing,THQ,0.18,0.08,0,0.02,0.28
14783,Neverwinter Nights Diamond,PC,2004,Role-Playing,Atari,0,0.02,0,0,0.03
3520,Enslaved: Odyssey to the West,PS3,2010,Action,Namco Bandai Games,0.24,0.24,0.01,0.09,0.57
14400,Jikandia: The Timeless Land,PSP,2010,Role-Playing,Idea Factory,0.03,0,0,0,0.03
5884,Tropico 5,PS4,2015,Simulation,Kalypso Media,0.05,0.16,0.05,0.04,0.3
5496,Super Power League 2,SNES,1994,Sports,Hudson Soft,0,0,0.33,0,0.33
1402,The Sims 2,PSP,2005,Simulation,Electronic Arts,0.49,0.56,0,0.33,1.38
10018,Jikkyou Powerful Pro Yakyuu 12 Ketteiban,PS2,2005,Sports,Konami Digital Entertainment,0,0,0.11,0,0.11
13651,Saint Seiya: Soldiers' Soul,PS3,2015,Fighting,Namco Bandai Games,0,0,0.04,0,0.04
13276,FIFA Soccer 10,PC,2009,Sports,Electronic Arts,0,0.04,0,0.01,0.05
10354,Hyper Formation Soccer,PS,1995,Sports,Human Entertainment,0,0,0.1,0.01,0.11
4469,Wario World,GC,2003,Platform,Nintendo,0.34,0.09,0,0.01,0.44
7399,Front Mission 5: Scars of the War,PS2,2005,Strategy,Square Enix,0,0,0.21,0,0.21
12002,Rayman 3: Hoodlum Havoc,GC,2003,Platform,Ubisoft,0.05,0.01,0,0,0.07
5077,Dragon Ball Z: Attack of the Saiyans,DS,2009,Role-Playing,Namco Bandai Games,0.13,0.02,0.21,0.01,0.38
6134,ATV Quad Power Racing 2,GC,2003,Racing,Acclaim Entertainment,0.22,0.06,0,0.01,0.28
7826,Tokimeki Memorial Girl's Side 3rd Story,DS,2010,Adventure,Konami Digital Entertainment,0,0,0.19,0,0.19
8036,Jurassic Park III: Island Attack,GBA,2001,Adventure,Konami Digital Entertainment,0.13,0.05,0,0,0.18
13522,Hyperdimension Neptunia mk2,PSV,2014,Action,Compile Heart,0,0,0.04,0,0.04
8946,Yu-Gi-Oh! Nightmare Troubadour (US sales),DS,2005,Action,Konami Digital Entertainment,0.15,0,0,0,0.15
13792,Date A Live: Rine Utopia,PS3,2013,Adventure,Compile Heart,0,0,0.04,0,0.04
1084,Shaun White Snowboarding: Road Trip,Wii,2008,Sports,Ubisoft,0.94,0.57,0,0.17,1.67
3831,Classic Word Games,DS,2009,Misc,Ubisoft,0.09,0.37,0,0.07,0.52
7511,NBA Live 15,XOne,2014,Sports,Electronic Arts,0.17,0.02,0,0.02,0.2
11978,McFarlane's Evil Prophecy,PS2,N/A,Action,Konami Digital Entertainment,0.03,0.03,0,0.01,0.07
11083,Defender,XB,2002,Misc,Midway Games,0.07,0.02,0,0,0.09
14092,Greg Hastings Paintball 2,PS3,2010,Shooter,Majesco Entertainment,0.03,0,0,0,0.04
14025,SD Gundam Force: Showdown!,PS2,2004,Shooter,Namco Bandai Games,0.02,0.01,0,0,0.04
921,Star Fox Adventures,GC,2002,Adventure,Nintendo,0.96,0.53,0.3,0.09,1.87
15165,Zathura,XB,2005,Adventure,Take-Two Interactive,0.02,0,0,0,0.02
5044,Tokimeki Memorial: Forever with You,SAT,1996,Simulation,Konami Digital Entertainment,0,0,0.38,0,0.38
3070,Strawberry Shortcake: Summertime Adventure,GBA,2004,Adventure,Majesco Entertainment,0.47,0.18,0,0.01,0.66
12895,UEFA Euro 2004: Portugal,XB,2004,Sports,Electronic Arts,0.04,0.01,0,0,0.05
4371,Petz: Catz 2,Wii,2007,Simulation,Ubisoft,0.41,0.01,0,0.03,0.45
9210,NCIS,X360,2011,Adventure,Ubisoft,0.1,0.03,0,0.01,0.14
13887,Hatsune Miku: Project Diva X,PS4,2016,Misc,Sega,0.01,0,0.02,0,0.04
1704,Pokemon Super Mystery Dungeon,3DS,2015,Role-Playing,Nintendo,0.46,0.31,0.33,0.08,1.19
2447,Ratatouille,PS2,2007,Action,THQ,0.31,0,0,0.53,0.85
7672,Spore Hero Arena,DS,2009,Simulation,Electronic Arts,0.18,0,0,0.01,0.2
2190,Evolve,PS4,2015,Shooter,Take-Two Interactive,0.35,0.41,0.05,0.15,0.95
3699,Sacred 2: Fallen Angel,X360,2009,Role-Playing,Deep Silver,0.29,0.17,0.04,0.05,0.54
11871,Winning Eleven Playmaker 2010: Aoki Samurai no Chousen,Wii,2010,Sports,Konami Digital Entertainment,0,0,0.07,0,0.07
13910,Heathcliff! Frantic Foto,DS,2010,Misc,Storm City Games,0.04,0,0,0,0.04
3797,We Cheer,Wii,2008,Simulation,505 Games,0.48,0,0,0.04,0.53
16526,Style Book: Cinnamoroll,DS,2006,Misc,Namco Bandai Games,0,0,0.01,0,0.01
419,Madden NFL 16,PS4,2015,Sports,Electronic Arts,2.33,0.3,0,0.59,3.22
6265,Moero! Nekketsu Rhythm Damashii: Osu! Tatakae! Ouendan! 2,DS,2007,Misc,Nintendo,0,0,0.27,0,0.27
8753,NHL 17,XOne,2016,Sports,Electronic Arts,0.13,0.01,0,0.02,0.15
7620,Twisted Edge Extreme Snowboarding,N64,1998,Sports,Kemco,0.16,0.04,0,0,0.2
12189,The King of Fighters 02/03,PS2,2005,Fighting,SNK,0.03,0.03,0,0.01,0.07
106,Tekken 3,PS,1998,Fighting,Sony Computer Entertainment,3.27,2.22,1.4,0.29,7.16
13674,B.L.U.E.: Legend of Water,PS,N/A,Adventure,N/A,0,0,0.04,0,0.04
8728,de Blob 2,X360,2011,Platform,THQ,0.1,0.04,0,0.01,0.15
961,Crazy Taxi,DC,2000,Racing,Sega,1.1,0.51,0.12,0.08,1.81
6106,All Star Cheer Squad,DS,2008,Sports,THQ,0.26,0,0,0.02,0.28
1335,SingStar Pop,PS2,2007,Misc,Sony Computer Entertainment,0.04,1.08,0,0.32,1.44
12856,Dual Hearts,PS2,2002,Role-Playing,Sony Computer Entertainment,0.03,0.02,0,0.01,0.05
9045,Monster House,PS2,2006,Adventure,THQ,0.07,0.05,0,0.02,0.14
2676,Dragon Warrior I&II,GB,1999,Role-Playing,Enix Corporation,0,0,0.77,0,0.77
14462,Freaky Flyers,XB,2003,Racing,Midway Games,0.02,0.01,0,0,0.03
7281,NFL 2K3,GC,2002,Sports,Sega,0.17,0.04,0,0.01,0.22
13429,Grey's Anatomy: The Video Game,DS,2009,Adventure,Ubisoft,0.03,0.01,0,0,0.05
817,Tom Clancy's Splinter Cell: Conviction,X360,2010,Action,Ubisoft,1.2,0.63,0.04,0.19,2.06
4996,Disney Sing It,PS3,2008,Misc,Disney Interactive Studios,0.27,0.07,0,0.04,0.38
9090,Mary-Kate and Ashley: Winners Circle,PS,2001,Action,Acclaim Entertainment,0.08,0.05,0,0.01,0.14
3548,Spec Ops: The Line,PS3,2012,Shooter,Take-Two Interactive,0.19,0.25,0.04,0.09,0.57
4063,Football Manager Handheld 2009,PSP,2008,Sports,Sega,0,0.47,0,0.02,0.49
11582,Ultimate Party Challenge,Wii,2009,Misc,Konami Digital Entertainment,0.07,0,0,0.01,0.08
6190,Dead or Alive,PS,1998,Fighting,Sony Computer Entertainment,0.09,0.06,0.1,0.02,0.28
12647,Syphon Filter: Logan's Shadow,PS2,2010,Shooter,Sony Computer Entertainment,0.03,0.02,0,0.01,0.06
3733,Rune Factory 2: A Fantasy Harvest Moon,DS,2008,Role-Playing,Rising Star Games,0.33,0.03,0.15,0.03,0.54
9761,Bodycount,PS3,2011,Shooter,Codemasters,0.05,0.06,0,0.02,0.12
10073,Ping Pals,DS,2004,Misc,THQ,0.1,0,0,0.01,0.11
14132,Boulder Dash: Rocks!,DS,2007,Puzzle,10TACLE Studios,0,0.03,0,0,0.03
5364,Skylanders: Trap Team,XOne,2014,Action,Activision,0.25,0.07,0,0.03,0.34
8812,Rudra no Hihou,SNES,1996,Role-Playing,SquareSoft,0,0,0.15,0,0.15
11261,Aibou DS,DS,2009,Adventure,Tecmo Koei,0,0,0.08,0,0.08
13684,Sonic PC Collection,PC,2009,Misc,Sega,0,0.04,0,0.01,0.04
11967,Blast Radius,PS,1998,Action,Psygnosis,0.04,0.03,0,0,0.07
14065,Sins of a Solar Empire: Trinity,PC,2010,Strategy,Kalypso Media,0,0.03,0,0.01,0.04
11432,Adventure Time: The Secret of the Nameless Kingdom,3DS,2014,Action,Little Orbit,0,0.07,0,0,0.08
13732,GoGo's Crazy Bones,DS,2012,Action,GameMill Entertainment,0,0.04,0,0,0.04
9295,World Tour Soccer 2002,PS2,2001,Sports,Sony Computer Entertainment,0.07,0.05,0,0.02,0.14
11725,SCORE International Baja 1000: The Official Game,PS3,2008,Racing,Activision,0.07,0,0,0.01,0.08
8098,Cabela's Big Game Hunter 2005 Adventures,XB,2004,Sports,Activision,0.13,0.04,0,0.01,0.18
2443,Rampage World Tour,PS,1997,Action,GT Interactive,0.47,0.32,0,0.06,0.85
15099,Genkai Tokki: Seven Pirates,PSV,2016,Role-Playing,Compile Heart,0,0,0.02,0,0.02
5181,One Piece: Gigant Battle!,DS,2010,Fighting,Namco Bandai Games,0,0,0.36,0,0.36
15088,Wrestle Kingdom 2: Pro Wrestling Sekai Taisen,PS2,2007,Fighting,Yuke's,0,0,0.02,0,0.02
6325,Wave Rally,PS2,2001,Racing,Eidos Interactive,0.13,0.1,0,0.03,0.27
9699,Solitaire & Mahjong,Wii,2009,Puzzle,Crave Entertainment,0.11,0,0,0.01,0.12
8861,NHL 09,PS2,2008,Sports,Electronic Arts,0.07,0.06,0,0.02,0.15
11377,Dream Day: Wedding Destinations,DS,2009,Simulation,THQ,0.08,0,0,0.01,0.08
842,Dead Space,PS3,2008,Action,Electronic Arts,1.05,0.67,0,0.3,2.02
13259,American Bass Challenge,GBA,2001,Sports,Starfish,0.03,0.01,0,0,0.05
3598,Final Fantasy IV: The Complete Collection,PSP,2011,Role-Playing,Square Enix,0.13,0.09,0.27,0.06,0.56
14205,Diabolik Lovers: More Blood,PSP,2013,Adventure,Idea Factory,0,0,0.03,0,0.03
10795,Glory Days 2,DS,2007,Strategy,Ghostlight,0.08,0,0,0.01,0.1
12020,Crayon Shin-Chan: Obaka Daininden - Susume! Kasukabe Ninja Tai!,DS,2010,Action,Namco Bandai Games,0,0,0.07,0,0.07
884,Jet Moto 2,PS,1997,Racing,Sony Computer Entertainment,1.41,0.42,0.03,0.07,1.94
2560,Final Fantasy XI: Wings of the Goddess,PS2,2007,Role-Playing,Square Enix,0.35,0.27,0.09,0.09,0.81
14525,Samurai Spirits: Tenkaichi Kenkakuden,PS2,N/A,Fighting,Unknown,0,0,0.03,0,0.03
7892,Shaun White Skateboarding,PS3,2010,Sports,Ubisoft,0.11,0.05,0,0.03,0.19
9932,Castlevania: Curse of Darkness,XB,2005,Action,Konami Digital Entertainment,0.09,0.03,0,0,0.12
13679,Imperial Glory,PC,2005,Strategy,Eidos Interactive,0,0.04,0,0,0.04
728,Prince of Persia: The Sands of Time,PS2,2003,Action,Ubisoft,0.88,1.03,0,0.31,2.22
8507,Kid Adventures: Sky Captain,Wii,2010,Action,Unknown,0.11,0.04,0,0.01,0.16
1564,Jillian Michaels' Fitness Ultimatum 2009,Wii,2008,Sports,Deep Silver,0.96,0.2,0,0.11,1.27
12742,Broken Sword II: The Smoking Mirror,PS,1997,Adventure,Sony Computer Entertainment,0.03,0.02,0,0,0.06
10245,Touch Detective 2 1/2,DS,2007,Adventure,505 Games,0.09,0,0.01,0.01,0.11
8334,Bratz Kidz,Wii,2008,Misc,Game Factory,0.16,0,0,0.01,0.17
1517,Crysis 2,PS3,2011,Action,Electronic Arts,0.45,0.57,0.06,0.21,1.3
16394,Handball 16,X360,2015,Sports,Bigben Interactive,0,0.01,0,0,0.01
1133,NCAA Football 2005,PS2,2004,Sports,Electronic Arts,1.32,0.09,0,0.22,1.62
11210,Knights Contract,PS3,2011,Action,Namco Bandai Games,0.04,0.03,0,0.01,0.09
772,Far Cry: Primal,PS4,2016,Action,Ubisoft,0.59,1.16,0.06,0.33,2.13
13799,Astro Boy: The Video Game,PSP,2009,Action,D3Publisher,0.04,0,0,0,0.04
10614,Bullet Witch,X360,2006,Shooter,Atari,0.07,0.01,0.02,0.01,0.1
694,Pokemon Ranger: Shadows of Almia,DS,2008,Role-Playing,Nintendo,0.95,0.54,0.62,0.18,2.3
11674,Pac-Man World 3,PSP,2005,Platform,Namco Bandai Games,0.07,0,0,0.01,0.08
12611,PoPoLoCrois,PSP,2005,Role-Playing,Ignition Entertainment,0.05,0,0,0,0.06
4463,Yu-Gi-Oh! 5D's Tag Force 4,PSP,2009,Strategy,Konami Digital Entertainment,0.19,0.07,0.12,0.06,0.44
6114,Disney's Extreme Skate Adventure,GBA,2003,Sports,Activision,0.2,0.08,0,0.01,0.28
3549,SD Gundam G Generation Neo,PS2,2002,Strategy,Namco Bandai Games,0,0,0.57,0,0.57
13405,City Life: World Edition,PC,2007,Simulation,Monte Christo Multimedia,0,0.04,0,0.01,0.05
170,Final Fantasy XIII,PS3,2009,Role-Playing,Square Enix,1.74,1.24,1.87,0.52,5.36
13590,Ore no Imouto ga Konna ni Kawaii Wake ga Nai Happy EnD,PS3,2013,Simulation,Namco Bandai Games,0,0,0.04,0,0.04
7345,UFC Undisputed 2010,PSP,2010,Fighting,THQ,0.11,0.07,0,0.04,0.21
5257,Arctic Thunder,PS2,2001,Racing,Midway Games,0.17,0.14,0,0.05,0.36
9129,NFL Head Coach 09,PS3,2008,Sports,Electronic Arts,0.13,0,0,0.01,0.14
1515,Adventure,2600,N/A,Adventure,Atari,1.21,0.08,0,0.01,1.3
4753,NBA 2K11,PS2,2010,Action,Take-Two Interactive,0.34,0.01,0,0.06,0.41
8274,Watchmen: The End is Nigh - The Complete Experience,PS3,2009,Action,Warner Bros. Interactive Entertainment,0.08,0.07,0,0.02,0.17
640,pro evolution soccer 2011,PS3,2010,Sports,Konami Digital Entertainment,0.29,1.18,0.54,0.41,2.42
5722,Namco Museum: Virtual Arcade,X360,2008,Misc,Atari,0.27,0.01,0.01,0.02,0.31
2862,MLB 13: The Show,PS3,2013,Sports,Sony Computer Entertainment,0.66,0,0,0.05,0.71
4929,SSX 3,XB,2003,Sports,Electronic Arts,0.29,0.08,0,0.01,0.39
2451,Street Fighter EX3,PS2,2000,Fighting,Virgin Interactive,0.32,0.25,0.2,0.08,0.85
11900,The Testament of Sherlock Holmes,PC,2012,Adventure,Focus Home Interactive,0,0.06,0,0.01,0.07
15023,Bomberman Story DS,DS,2007,Role-Playing,Rising Star Games,0,0,0.02,0,0.02
13876,Harry Potter and the Order of the Phoenix,PC,2007,Action,Electronic Arts,0,0.03,0,0.01,0.04
4740,Densha De Go! 2,PS,1999,Simulation,Taito,0,0,0.38,0.03,0.41
15259,Pebble Beach Golf Links,SAT,1994,Sports,Sega,0,0,0.02,0,0.02
5661,Riven: The Sequel to Myst,PS,1997,Adventure,Acclaim Entertainment,0.18,0.12,0,0.02,0.32
6991,Vancouver 2010 - The Official Video Game of the Olympic Winter Games,X360,2010,Sports,Sega,0.08,0.13,0,0.03,0.23
6183,Sing Party,WiiU,2012,Misc,Nintendo,0.13,0.12,0,0.02,0.28
12817,Carmen Sandiego: The Secret of the Stolen Drums,PS2,2004,Action,BAM! Entertainment,0.03,0.02,0,0.01,0.06
14334,Pachinko Kamen Rider: Shocker Zenmetsu Daisakusen,PS2,2008,Misc,Hackberry,0,0,0.03,0,0.03
16481,Ishin no Arashi: Shippuu Ryuumeden,DS,2010,Strategy,Tecmo Koei,0,0,0.01,0,0.01
12530,Foster's Home for Imaginary Friends: Imagination Invaders,DS,2007,Adventure,Midway Games,0.06,0,0,0,0.06
10390,Warriors Orochi 3,PSP,2012,Action,Ubisoft Annecy,0,0,0.11,0,0.11
8930,F1 2012,PC,2012,Racing,Codemasters,0.01,0.11,0,0.03,0.15
2394,Tony Hawk's Project 8,PS2,2006,Sports,Activision,0.72,0.03,0,0.12,0.87
13169,Empire Earth,PC,2001,Strategy,Vivendi Games,0,0.04,0,0.01,0.05
6156,Kung Fu Chaos,XB,2003,Fighting,Microsoft Game Studios,0.21,0.06,0,0.01,0.28
5917,Showdown: Legends of Wrestling,PS2,2004,Fighting,Acclaim Entertainment,0.15,0.11,0,0.04,0.3
12594,Tenchi Muyou! Ryoukouki Gokuraku,SAT,1995,Adventure,Yumedia,0,0,0.06,0,0.06
4633,Dance Dance Revolution Ultramix 2,XB,2004,Simulation,Konami Digital Entertainment,0.32,0.09,0,0.02,0.42
11456,Horrid Henry's Horrid Adventure,DS,2010,Adventure,Asylum Entertainment,0,0.07,0,0.01,0.08
16090,Major Dream: Major Wii Nagero! Gyroball!!,Wii,2008,Sports,Takara Tomy,0,0,0.01,0,0.01
14875,Battlefield 1942,PC,2002,Shooter,Electronic Arts,0.01,0.01,0,0,0.03
1693,SpongeBob SquarePants: Revenge of the Flying Dutchman,GBA,2002,Platform,THQ,0.92,0.23,0,0.04,1.19
11372,Shin Megami Tensei: Digital Devil Saga 2,PS2,2005,Role-Playing,Ghostlight,0.04,0.03,0,0.01,0.08
6395,Batman: Arkham Origins Blackgate,3DS,2013,Action,Warner Bros. Interactive Entertainment,0.16,0.09,0,0.02,0.27
5428,Persona 5,PS4,2016,Role-Playing,Atlus,0,0,0.34,0,0.34
5906,Dragon Force,SAT,1996,Strategy,Sega,0,0,0.3,0,0.3
4268,EA Sports UFC,XOne,2014,Sports,Electronic Arts,0.3,0.12,0,0.04,0.46
9675,Criticom,PS,1996,Fighting,Vic Tokai,0.07,0.05,0,0.01,0.12
6885,Juiced 2: Hot Import Nights,DS,2007,Racing,THQ,0.22,0,0,0.02,0.24
7343,Bratz: Forever Diamondz,GC,2006,Adventure,THQ,0.17,0.04,0,0.01,0.21
5918,Capcom Classics Collection Remixed,PSP,2006,Misc,Capcom,0.27,0,0,0.03,0.3
8305,Hanjuku Eiyuu Tai 3D,PS2,2003,Role-Playing,Square Enix,0,0,0.17,0,0.17
13744,Looney Tunes Duck Dodgers Starring: Daffy Duck,N64,2000,Platform,Infogrames,0.03,0.01,0,0,0.04
3539,Blood Wake,XB,2001,Shooter,Microsoft Game Studios,0.43,0.12,0,0.02,0.57
9327,Queen's Gate: Spiral Chaos,PSP,2011,Role-Playing,Namco Bandai Games,0,0,0.14,0,0.14
12942,Winning Post 8,PS3,2014,Racing,Tecmo Koei,0,0,0.05,0,0.05
787,Parasite Eve,PS,1998,Role-Playing,SquareSoft,0.94,0.07,1.05,0.04,2.1
5735,The Matrix: Path of Neo,XB,2005,Action,Atari,0.23,0.07,0,0.01,0.31
12063,Crazy Taxi 2,DC,2001,Racing,Sega,0,0,0.07,0,0.07
1672,Just Dance 2016,Wii,2015,Misc,Ubisoft,0.52,0.59,0,0.1,1.2
3603,Viva Pinata: Pocket Paradise,DS,2008,Simulation,THQ,0.27,0.23,0,0.06,0.56
2086,The Simpsons: Hit & Run,GC,2003,Racing,Vivendi Games,0.77,0.2,0,0.03,0.99
2109,Xenoblade Chronicles,Wii,2010,Role-Playing,Nintendo,0.49,0.26,0.16,0.08,0.98
5214,Shaun Palmer's Pro Snowboarder,GBA,2001,Sports,Activision,0.26,0.1,0,0.01,0.36
7741,Big Mutha Truckers,XB,2002,Racing,Empire Interactive,0.15,0.04,0,0.01,0.19
15462,Coded Soul: Uke Keigareshi Idea,PSP,2008,Role-Playing,Sony Computer Entertainment,0,0,0.02,0,0.02
1325,Tamagotchi,GB,1996,Simulation,Namco Bandai Games,0,0,1.44,0.01,1.45
9907,Rodea the Sky Soldier,WiiU,2015,Action,Nippon Ichi Software,0.08,0.02,0.01,0.01,0.12
2007,Need for Speed: Most Wanted,XB,2005,Racing,Electronic Arts,0.53,0.46,0,0.05,1.04
2677,Star Wars Episode II: Attack of the Clones,GBA,2002,Action,THQ,0.55,0.2,0,0.01,0.77
14241,Prince of Persia: The Forgotten Sands,PC,2010,Action,Ubisoft,0,0.03,0,0,0.03
10973,New Legends,XB,2002,Action,THQ,0.07,0.02,0,0,0.09
12616,Dance Sensation!,Wii,2010,Misc,Majesco Entertainment,0.06,0,0,0,0.06
7910,Pet Zombies,3DS,N/A,Simulation,Majesco Entertainment,0.18,0,0,0.01,0.19
11102,Momu-chan Diet Wii: Figurobics by Chon Dayon,Wii,2010,Misc,Hudson Soft,0,0,0.09,0,0.09
8491,Guilty Gear Judgment,PSP,2006,Fighting,Majesco Entertainment,0.13,0,0.02,0.01,0.16
570,Hannah Montana,DS,2006,Action,Disney Interactive Studios,1.59,0.8,0,0.26,2.65
16220,Far East of Eden II: Manji Maru,DS,2006,Role-Playing,Hudson Soft,0,0,0.01,0,0.01
16317,Really? Really! DS,DS,2009,Adventure,Kadokawa Shoten,0,0,0.01,0,0.01
9569,Pok√©mon: For Ho-Oh the Bells Toll!: Game Boy Advance Video,GBA,2004,Misc,Nintendo,0.09,0.03,0,0,0.13
5871,The Sims 2,PC,2004,Simulation,Electronic Arts,0.02,0.24,0,0.05,0.3
2707,Tony Hawk's Pro Skater 2,N64,2001,Sports,Activision,0.59,0.16,0,0.01,0.76
13330,Pool Party,Wii,2007,Sports,SouthPeak Games,0.04,0,0,0,0.05
14394,Timmy Time,DS,2011,Action,Avanquest,0,0.03,0,0,0.03
9163,International Cricket 2010,X360,2010,Sports,Codemasters,0,0.12,0,0.02,0.14
2304,Destruction Derby,PS,1995,Racing,Psygnosis,0.5,0.34,0,0.06,0.9
2644,Tetris Party Deluxe,DS,2010,Puzzle,Nintendo,0.29,0.3,0.12,0.07,0.78
13842,Kidou Gekidan Haro Ichiza Gundam Mahjong DS: Oyaji nimo Agarareta koto nai noni!,DS,2005,Misc,Namco Bandai Games,0,0,0.04,0,0.04
410,Assassin's Creed Syndicate,PS4,2015,Action,Ubisoft,0.8,1.92,0.06,0.5,3.28
786,Mortal Kombat,X360,2011,Fighting,Warner Bros. Interactive Entertainment,1.63,0.33,0,0.15,2.11
7574,Captain America: Super Soldier,PS3,2011,Action,Sega,0.1,0.07,0,0.03,0.2
2388,Pictionary,Wii,2010,Puzzle,THQ,0.61,0.19,0,0.07,0.87
3681,Turok: Evolution,XB,2002,Shooter,Acclaim Entertainment,0.39,0.14,0,0.02,0.55
10036,Ultimate Mortal Kombat,DS,2007,Fighting,Midway Games,0.09,0.01,0,0.01,0.11
2805,Croc 2,PS,1999,Platform,Fox Interactive,0.41,0.28,0,0.05,0.73
7489,Bugs Bunny & Taz: Time Busters,PS,2000,Adventure,Infogrames,0.11,0.08,0,0.01,0.21
5941,Future Cop L.A.P.D.,PS,1997,Simulation,Electronic Arts,0.16,0.11,0,0.02,0.3
10963,Transformers: Devastation,X360,2015,Action,Activision,0.06,0.02,0,0.01,0.09
7235,Mary-Kate and Ashley: Sweet 16 - Licenced to Drive,PS2,2002,Misc,Acclaim Entertainment,0.11,0.08,0,0.03,0.22
6948,Silent Hill: Book of Memories,PSV,2012,Action,Konami Digital Entertainment,0.13,0.06,0,0.04,0.24
10579,Project Hacker: Kakusei,DS,2006,Action,Nintendo,0,0,0.1,0,0.1
12708,Jissen Pachislot Hisshouhou! Hokuto no Ken Portable SE,PSP,2006,Misc,Sega,0,0,0.06,0,0.06
577,Midnight Club: Street Racing,PS2,2000,Racing,Take-Two Interactive,2,0.47,0.02,0.14,2.63
2667,Need For Speed: Undercover,PSP,2008,Racing,Electronic Arts,0.23,0.32,0.03,0.19,0.77
11831,Beyond Good & Evil,GC,2003,Adventure,Ubisoft,0.06,0.01,0,0,0.07
2522,Rocket Power: Beach Bandits,PS2,2002,Platform,THQ,0.4,0.31,0,0.1,0.82
12626,Tron 2.0: Killer App,XB,2004,Action,Disney Interactive Studios,0.04,0.01,0,0,0.06
2557,NCAA Football 10,PS3,2009,Sports,Electronic Arts,0.75,0,0,0.06,0.81
7393,HBO Boxing,PS,2000,Fighting,Acclaim Entertainment,0.12,0.08,0,0.01,0.21
9343,MLB Power Pros 2008,Wii,2008,Sports,Konami Digital Entertainment,0.12,0,0.01,0.01,0.13
6562,X-Men vs. Street Fighter,SAT,1997,Fighting,Capcom,0,0,0.26,0,0.26
8791,Kidou Senkan Nadesico,SAT,1997,Strategy,Sega,0,0,0.15,0,0.15
5674,Live A Live,SNES,1994,Role-Playing,SquareSoft,0,0,0.32,0,0.32
9107,Fur Fighters: Viggo's Revenge,PS2,2001,Action,Acclaim Entertainment,0.07,0.05,0,0.02,0.14
15698,Dungeons - The Dark Lord,PC,2011,Strategy,Kalypso Media,0,0.01,0,0,0.02
5667,Dragon Quest Monsters: Battle Road Victory,Wii,2010,Strategy,Square Enix,0,0,0.32,0,0.32
2138,Club Penguin: Game Day!,Wii,2010,Sports,Disney Interactive Studios,0.56,0.33,0,0.08,0.97
2066,SoulCalibur II,XB,2003,Fighting,Namco Bandai Games,0.78,0.18,0.03,0,1
12500,Flipnic: Ultimate Pinball,PS2,2003,Misc,Ubisoft,0.03,0.02,0,0.01,0.06
1682,NHL 2002,PS2,2001,Sports,Electronic Arts,0.59,0.46,0,0.15,1.2
2944,The LEGO Movie Videogame,3DS,2014,Action,Warner Bros. Interactive Entertainment,0.28,0.31,0.05,0.05,0.69
13229,Reign of Fire,GBA,2002,Shooter,BAM! Entertainment,0.03,0.01,0,0,0.05
12748,TOCA Race Driver 2: Ultimate Racing Simulator,PS2,2004,Racing,Codemasters,0.03,0.02,0,0.01,0.06
3042,Command & Conquer: Red Alert 3,PC,2008,Strategy,Electronic Arts,0.01,0.64,0,0.02,0.67
7829,Allied General,PS,1996,Strategy,SSI,0.11,0.07,0,0.01,0.19
7964,SD Gundam GX,SNES,1994,Strategy,Namco Bandai Games,0,0,0.19,0,0.19
8256,Kekkaishi: Karasumori Ayakashi Kidan,DS,2007,Action,Namco Bandai Games,0,0,0.17,0,0.17
324,Mario & Sonic at the London 2012 Olympic Games,Wii,2011,Sports,Sega,1.14,1.91,0.27,0.46,3.78
4887,NHL 99,N64,1998,Sports,Electronic Arts,0.38,0.01,0,0,0.39
4963,Auto Modellista,PS2,2002,Racing,Capcom,0.19,0.15,0,0.05,0.39
6005,Def Jam Rapstar,X360,2010,Misc,Konami Digital Entertainment,0.25,0.03,0,0.02,0.29
9138,Just Cause 3,PC,2015,Action,Square Enix,0.03,0.11,0,0.01,0.14
5174,Resident Evil Zero,PS4,2016,Action,Capcom,0.09,0.17,0.05,0.05,0.36
5629,SimAnimals,Wii,2009,Simulation,Electronic Arts,0.15,0.14,0,0.03,0.32
1977,UFC Undisputed 3,PS3,2012,Action,THQ,0.55,0.34,0.03,0.13,1.05
1188,Fight Night Round 3,PS2,2006,Fighting,Electronic Arts,1.07,0.4,0,0.1,1.56
13753,Resident Evil: Operation Raccoon City,PC,2012,Action,Capcom,0,0.03,0,0.01,0.04
8706,Senran Kagura: Sh?jo-tachi no Shinei,3DS,2011,Action,Marvelous Interactive,0,0,0.16,0,0.16
12428,Devil's Third,WiiU,2015,Action,Nintendo,0.04,0.02,0,0.01,0.06
4513,NBA Jam,Wii,2010,Sports,Electronic Arts,0.38,0.03,0,0.03,0.43
4188,Bomberman Hero,N64,1998,Platform,Nintendo,0.27,0.06,0.08,0.05,0.47
5739,Tiny Toon Adventures: The Great Beanstalk,PS,1998,Misc,Sony Computer Entertainment,0.17,0.12,0,0.02,0.31
4792,Sega Superstars Tennis,PS3,2008,Sports,Sega,0.13,0.2,0,0.08,0.4
7409,Cabela's Deer Hunt: 2004 Season,XB,2003,Sports,Activision Value,0.16,0.05,0,0.01,0.21
11440,Diego's Build & Rescue,DS,2010,Action,Take-Two Interactive,0.07,0,0,0.01,0.08
3896,Goldeneye 007: Reloaded,X360,2011,Shooter,Activision,0.25,0.21,0,0.05,0.51
6113,Hot Shots Golf: World Invitational,PS3,2012,Sports,Sony Computer Entertainment,0,0,0.28,0,0.28
9318,Deepak Chopra's Leela,Wii,2011,Misc,THQ,0.11,0.01,0,0.01,0.14
8496,True Swing Golf,DS,2005,Sports,Nintendo,0.11,0,0.04,0.01,0.16
6654,Up,PS3,2009,Action,THQ,0.15,0.07,0,0.03,0.25
7686,Tetris Worlds (Online Edition),XB,2003,Puzzle,THQ,0.15,0.04,0,0.01,0.2
7595,Press Your Luck 2010 Edition,DS,2009,Misc,Ubisoft,0.19,0,0,0.01,0.2
6989,Total War: Attila,PC,2015,Strategy,Sega,0.09,0.13,0,0.02,0.23
3689,LEGO The Hobbit,PS3,2014,Action,Warner Bros. Interactive Entertainment,0.12,0.32,0,0.1,0.54
1909,Tom Clancy's Ghost Recon 2,PS2,2004,Shooter,Ubisoft,0.64,0.34,0,0.1,1.08
6060,"Sakura Wars 4: Koi Seyo,Otome",DC,2002,Adventure,Sega,0,0,0.29,0,0.29
14034,RLH: Run Like Hell,XB,2003,Shooter,Avalon Interactive,0.03,0.01,0,0,0.04
3314,Major League Baseball 2K8,X360,2008,Sports,Bethesda Softworks,0.56,0,0,0.05,0.61
8273,Exhibition Volume 02,XB,2003,Misc,Microsoft Game Studios,0.13,0.04,0,0.01,0.17
5038,The Incredible Hulk,PS2,2008,Action,Sega,0.32,0.01,0,0.05,0.38
13309,World Championship Pool 2004,PS2,2004,Sports,Jaleco,0.02,0.02,0,0.01,0.05
13819,Ookami to Koushinryou: Boku to Horo no Ichinen,DS,2008,Adventure,ASCII Media Works,0,0,0.04,0,0.04
3857,J-League Pro Soccer Club o Tsukurou! 3,PS2,2003,Sports,Sega,0,0,0.52,0,0.52
15028,Future Tactics: The Uprising,GC,2004,Strategy,JoWood Productions,0.02,0,0,0,0.02
11775,Aikatsu! My No.1 Stage!,3DS,2015,Misc,Namco Bandai Games,0,0,0.07,0,0.07
5380,Super Bust-A-Move,PS2,2000,Puzzle,Acclaim Entertainment,0.17,0.13,0,0.04,0.34
15,Wii Fit Plus,Wii,2009,Sports,Nintendo,9.09,8.59,2.53,1.79,22
7255,Yoostar2,X360,2011,Misc,Unknown,0.11,0.09,0,0.02,0.22
2020,NCAA March Madness 2004,PS2,2003,Sports,Electronic Arts,0.5,0.39,0,0.13,1.03
5456,Street Fighter Alpha 3 MAX,PSP,2006,Fighting,Capcom,0.27,0.01,0.02,0.03,0.33
3873,The Sims 2: Open for Business,PC,2006,Simulation,Electronic Arts,0.46,0.05,0,0,0.52
6352,Tales of Eternia,PSP,2005,Role-Playing,Ubisoft,0,0.01,0.25,0.01,0.27
14085,Assassin's Creed Chronicles: China,PS4,2015,Action,Ubisoft,0,0.03,0,0.01,0.04
12408,Densha De Go! 3 Tsuukinhen,PS2,2001,Simulation,Taito,0,0,0.06,0,0.06
8619,Battle Soccer: Field no Hasha,SNES,1992,Sports,Banpresto,0,0,0.16,0,0.16
14441,Bad Apple Wars,PSV,2015,Action,Idea Factory,0,0,0.03,0,0.03
14386,Hearts of Iron IV,PC,2016,Strategy,Paradox Interactive,0,0.03,0,0,0.03
11921,Monster Rancher Battle Card: Episode II,PS,2000,Action,Tecmo Koei,0.04,0.03,0,0,0.07
3759,Jewel Master Egypt,DS,2009,Puzzle,Rondomedia,0.21,0.27,0,0.05,0.53
12979,Mr Bean's Wacky World of Wii,Wii,2009,Adventure,Blast! Entertainment Ltd,0,0.05,0,0,0.05
971,Beyond: Two Souls,PS3,2013,Adventure,Sony Computer Entertainment,0.52,0.88,0.06,0.34,1.79
9133,Onimusha Essentials,PS2,2008,Action,Capcom,0.07,0.05,0,0.02,0.14
11450,Smuggler's Run: Warzones,GC,2002,Misc,Take-Two Interactive,0.06,0.02,0,0,0.08
3222,Battle of Giants: Dragons,DS,2009,Strategy,Ubisoft,0.31,0.25,0,0.06,0.63
7560,Pitfall: The Lost Expedition,PS2,2004,Platform,Activision,0.1,0.08,0,0.03,0.2
16314,Space Hulk,PSV,2015,Strategy,Funbox Media,0,0.01,0,0,0.01
13010,Tiny Toon Adventures: Toonenstein - Dare to Scare,PS,1998,Action,Swing! Entertainment,0.03,0.02,0,0,0.05
2646,Worms: Open Warfare,PSP,2006,Strategy,THQ,0.11,0.43,0,0.24,0.78
4221,Crayola: Treasure Adventures,DS,2007,Puzzle,Ignition Entertainment,0.43,0.01,0,0.03,0.47
2532,Twisted Metal (2012),PS3,2012,Action,Sony Computer Entertainment,0.67,0.07,0,0.07,0.82
4949,SpongeBob vs The Big One: Beach Party Cook Off,DS,2009,Adventure,THQ,0.24,0.11,0,0.04,0.39
10745,Touch Detective,DS,2006,Adventure,505 Games,0.06,0.03,0,0.01,0.1
3056,The LEGO Movie Videogame,WiiU,2014,Action,Warner Bros. Interactive Entertainment,0.35,0.23,0.03,0.06,0.66
13453,Short Track Racing: Trading Paint,PS2,2009,Racing,THQ,0.02,0.02,0,0.01,0.05
7354,MTV Celebrity Deathmatch,XB,2003,Fighting,Gotham Games,0.16,0.05,0,0.01,0.21
1253,SoulCalibur II,GC,2003,Fighting,Namco Bandai Games,0.99,0.32,0.11,0.08,1.5
220,FIFA 15,PS3,2014,Sports,Electronic Arts,0.57,3.14,0.04,1.07,4.82
13555,The King of Fighters Kyo,PS,1998,Fighting,SNK Playmore,0,0,0.04,0,0.04
10941,WSC Real 11: World Snooker Championship,PS3,2011,Sports,Koch Media,0,0.07,0,0.02,0.09
15182,Mata Hari: Betrayal is only a Kiss Away,PC,2008,Adventure,DTP Entertainment,0,0.02,0,0,0.02
11112,Battle Stadium D.O.N,GC,2006,Fighting,Namco Bandai Games,0,0,0.09,0,0.09
13443,LEGO Friends,3DS,2013,Action,Warner Bros. Interactive Entertainment,0,0.04,0,0,0.05
14907,Doki Oki,PS,1995,Adventure,Banpresto,0,0,0.02,0,0.03
1950,Sleeping Dogs,PS3,2012,Action,Square Enix,0.31,0.5,0.05,0.19,1.06
6847,PDC World Championship Darts 2008,Wii,2008,Sports,Oxygen Interactive,0.02,0.21,0,0.01,0.24
13230,Worms Reloaded,PC,2010,Strategy,Team17 Software,0,0.04,0,0.01,0.05
4910,Laser Blast,2600,1981,Action,Activision,0.37,0.02,0,0,0.39
13867,Colin McRae Rally 3,XB,2002,Racing,Codemasters,0.03,0.01,0,0,0.04
4558,Midway Arcade Treasures,XB,2003,Misc,Midway Games,0.33,0.08,0,0.01,0.43
2405,Lemmings,PSP,2006,Puzzle,Sony Computer Entertainment,0.12,0.52,0,0.23,0.87
509,Mortal Kombat,PS3,2011,Fighting,Warner Bros. Interactive Entertainment,1.98,0.55,0,0.32,2.85
58,Super Mario All-Stars,SNES,1993,Platform,Nintendo,5.99,2.15,2.12,0.29,10.55
3562,True Crime: Streets of LA,GC,2003,Action,Activision,0.44,0.11,0,0.02,0.56
15136,RedCard 20-03,GC,2002,Sports,Midway Games,0.02,0,0,0,0.02
14099,Luminous Arc 3,DS,2009,Role-Playing,Marvelous Interactive,0,0,0.04,0,0.04
5577,Overlord II,X360,2009,Action,Codemasters,0.15,0.14,0,0.03,0.32
7576,The Fairly Odd Parents: Shadow Showdown,GC,2004,Platform,THQ,0.16,0.04,0,0.01,0.2
5234,Dai-2-Ji Super Robot Taisen Z Saisei-hen,PSP,2012,Strategy,Namco Bandai Games,0,0,0.36,0,0.36
8469,Phantasy Star Online 2,PSV,2013,Role-Playing,Sega,0,0,0.16,0,0.16
16130,Madden NFL 13,PS3,2012,Sports,Electronic Arts,0,0.01,0,0,0.01
7093,Alundra,PS,1997,Role-Playing,Psygnosis,0.13,0.09,0,0.01,0.23
6299,EyePet,PSP,2010,Simulation,Sony Computer Entertainment,0.02,0.17,0,0.09,0.27
397,The Legend of Zelda: Spirit Tracks,DS,2009,Action,Nintendo,1.43,0.94,0.74,0.27,3.38
4762,TNA iMPACT!,PS3,2008,Fighting,Midway Games,0.22,0.12,0,0.06,0.41
1649,WCW Mayhem,PS,1998,Fighting,Electronic Arts,0.68,0.46,0,0.08,1.22
6656,Madagascar: Escape 2 Africa,X360,2008,Action,Activision,0.12,0.1,0,0.03,0.25
13428,Toukiden Kiwami,PSP,2014,Action,Tecmo Koei,0,0,0.05,0,0.05
6841,Stella Glow,3DS,2015,Role-Playing,Atlus,0.16,0.01,0.05,0.02,0.24
13940,Tenshou Gakuen Gekkouroku,PS2,2006,Adventure,Asmik Ace Entertainment,0,0,0.04,0,0.04
11277,Martian Panic,Wii,2010,Adventure,Unknown,0.08,0,0,0,0.08
4357,PES 2009: Pro Evolution Soccer,Wii,2009,Sports,Konami Digital Entertainment,0.09,0.26,0.05,0.05,0.45
10775,Tokimeki Memorial: Taisen Pazurudama,PS,1996,Puzzle,Konami Digital Entertainment,0,0,0.09,0.01,0.1
9227,Persona 4: Arena Ultimax,PS3,2014,Fighting,Atlus,0,0.01,0.13,0,0.14
1500,LEGO Batman: The Videogame,PSP,N/A,Action,Warner Bros. Interactive Entertainment,0.57,0.46,0,0.28,1.32
9220,Ultimate Muscle - The Kinnikuman Legacy: Legends vs New Generation,GC,2002,Fighting,Namco Bandai Games,0.04,0.01,0.08,0,0.14
4965,Junior Classic Games,DS,2009,Misc,Avanquest,0.26,0.09,0,0.03,0.39
685,Mario Tennis,N64,2000,Sports,Nintendo,0.78,0.4,1.06,0.07,2.32
15161,SBK: Snowboard Kids,DS,2005,Sports,Rising Star Games,0.02,0,0,0,0.02
14689,Dream Club Zero Portable,PSV,2011,Simulation,D3Publisher,0,0,0.03,0,0.03
7509,You Don't Know Jack,X360,2011,Misc,THQ,0.19,0,0,0.01,0.2
8903,Charm Girls Club: Pajama Party,Wii,2009,Misc,Electronic Arts,0.14,0,0,0.01,0.15
15179,Eureka Seven Vol. 2: The New Vision,PS2,2006,Shooter,Namco Bandai Games,0,0,0.02,0,0.02
7320,Steins;Gate,PSV,2013,Adventure,PQube,0.07,0.09,0,0.05,0.21
10121,Samurai Warriors 4-II,PS3,2015,Action,Tecmo Koei,0,0,0.11,0,0.11
4555,Backyard Baseball,GBA,2002,Sports,Atari,0.31,0.11,0,0.01,0.43
12035,Circuit Breakers,PS,1998,Racing,Mindscape,0.04,0.03,0,0,0.07
2977,Star Wars: Masters of Teras Kasi,PS,1997,Action,LucasArts,0.38,0.26,0,0.04,0.68
6412,Battle Arena Toshinden 3,PS,1996,Fighting,Sony Computer Entertainment,0.06,0.04,0.14,0.02,0.27
7608,Mahjongg Mysteries: Ancient Egypt,DS,2010,Puzzle,Avanquest,0.07,0.11,0,0.02,0.2
3276,Fighters MEGAMiX,SAT,1996,Fighting,Sega,0,0,0.62,0,0.62
4944,Skylanders Giants,WiiU,2012,Action,Activision,0.23,0.12,0,0.04,0.39
9215,Ben 10 Galactic Racing,DS,2011,Racing,D3Publisher,0.1,0.03,0,0.01,0.14
14113,Travel Coach: Europe 1,DS,2008,Misc,HMH Interactive,0,0.03,0,0,0.03
5804,40 Winks,PS,1999,Platform,GT Interactive,0.17,0.12,0,0.02,0.31
1840,Tom Clancy's Splinter Cell: Chaos Theory,XB,2005,Action,Ubisoft,0.68,0.38,0,0.05,1.11
11132,El Tigre: The Adventures of Manny Rivera,DS,2007,Platform,THQ,0.08,0,0,0.01,0.09
9161,Atari's Greatest Hits: Volume 1,DS,2010,Misc,Atari,0.13,0,0,0.01,0.14
13987,NHL Legacy,PS3,2015,Action,Electronic Arts,0.03,0,0,0.01,0.04
13685,Horses 3D,3DS,2012,Misc,Ubisoft,0.04,0,0,0,0.04
8532,SD Gundam G Generation 3D,3DS,2011,Role-Playing,Namco Bandai Games,0,0,0.16,0,0.16
10400,Shovel Knight,WiiU,2015,Platform,Yacht Club Games,0.06,0.04,0,0.01,0.11
16532,Hirameki Action: Chibikko Wagyan no Daiki na Bouken,DS,2009,Action,Namco Bandai Games,0,0,0.01,0,0.01
15309,Shaberu! DS Oryouri Navi: Marugoto Teikoku Hotel: Saikouhou no Ryouri-chou ga Oshieru Katei Ryouri,DS,2007,Misc,Tecmo Koei,0,0,0.02,0,0.02
3342,Fight Night Round 2,XB,2005,Fighting,Electronic Arts,0.42,0.16,0,0.02,0.6
7249,All-Star Baseball 2002,GC,2001,Sports,Acclaim Entertainment,0.17,0.04,0,0.01,0.22
7630,Magical ZhuZhu Princess: Carriages & Castles,DS,2011,Simulation,Activision,0.14,0.04,0,0.02,0.2
16480,"Shinobi, Koi Utsutsu: Setsugetsuka Koi Emaki",PSV,2015,Action,Idea Factory,0,0,0.01,0,0.01
3456,Kinect Sports Rivals,XOne,2014,Sports,Microsoft Game Studios,0.3,0.22,0.02,0.04,0.58
7954,Super Real Mahjong P V,SAT,1995,Misc,Seta Corporation,0,0,0.19,0,0.19
8111,Batman: Vengeance,GBA,2001,Adventure,Ubisoft,0.13,0.05,0,0,0.18
10447,Metal Slug 3,XB,2004,Shooter,Ignition Entertainment,0.08,0.02,0,0,0.1
11742,Myst,PS,1995,Adventure,Psygnosis,0,0,0.07,0,0.07
818,Pokemon Mystery Dungeon: Red/Blue Rescue Team,GBA,2005,Role-Playing,Nintendo,0.71,0.52,0.74,0.08,2.06
16169,Smiley World: Island Challenge,DS,2009,Puzzle,Zoo Digital Publishing,0.01,0,0,0,0.01
15882,PachiPara 3D,3DS,2011,Misc,Irem Software Engineering,0,0,0.02,0,0.02
4235,Country Dance 2,Wii,2011,Misc,GameMill Entertainment,0.44,0,0,0.03,0.46
9267,The X-Factor,PS3,2010,Misc,Deep Silver,0,0.1,0,0.03,0.14
1872,Star Wars: The Force Unleashed,PSP,2008,Action,LucasArts,0.43,0.41,0,0.25,1.09
12048,Enemy Front,PS3,2014,Shooter,City Interactive,0.01,0.05,0,0.01,0.07
5669,From TV Animation One Piece: Grand Battle! 3,PS2,2003,Fighting,Namco Bandai Games,0,0,0.32,0,0.32
10437,Kirarin * Revolution: Tsukutte Misechao! Kime * Kira Stage,DS,2007,Simulation,Konami Digital Entertainment,0,0,0.1,0,0.1
1662,Dino Crisis 2,PS,2000,Action,Virgin Interactive,0.34,0.49,0.28,0.1,1.21
8731,James Noir's Hollywood Crimes,3DS,2011,Adventure,Ubisoft,0.07,0.07,0,0.02,0.15
4952,Chessmaster,PS2,2003,Misc,Ubisoft,0.19,0.15,0,0.05,0.39
7454,LEGO The Hobbit,PSV,2014,Action,Warner Bros. Interactive Entertainment,0.03,0.13,0,0.05,0.21
10997,Skies of Arcadia,DC,2000,Role-Playing,Sega,0,0,0.09,0,0.09
11335,Miami Nights: Singles in the City,DS,2008,Simulation,Ubisoft,0.08,0,0,0.01,0.08
8854,J-League Victory Goal,SAT,1995,Sports,Sega,0,0,0.15,0,0.15
14079,Hotel Giant 2,PC,2008,Strategy,JoWood Productions,0,0.03,0,0.01,0.04
2165,My Weight Loss Coach,DS,2008,Sports,Ubisoft,0.3,0.54,0,0.11,0.96
4304,Disney Guilty Party,Wii,2010,Misc,Disney Interactive Studios,0.43,0,0,0.03,0.46
5441,Sengoku Musou 3 Z,PS3,2011,Action,Ackkstudios,0,0,0.33,0,0.33
1483,Pokemon Ranger: Guardian Signs,DS,2010,Role-Playing,Nintendo,0.51,0.17,0.58,0.06,1.33
10597,3D Tank Warfare Simulator Panzer Front,PS,1999,Simulation,Avalon Interactive,0.06,0.04,0,0.01,0.1
8314,Pursuit Force: Extreme Justice,PSP,2007,Action,Sony Computer Entertainment,0.07,0.07,0,0.03,0.17
2963,Assassin's Creed IV: Black Flag,PC,2013,Action,Ubisoft,0.22,0.38,0,0.1,0.69
671,Kinect Sports: Season Two,X360,2011,Sports,Microsoft Game Studios,1.38,0.74,0.02,0.22,2.36
8433,NASCAR '15,X360,2015,Sports,Deep Silver,0.15,0,0,0.02,0.17
4481,Naruto: Ultimate Ninja 3,PS2,2005,Fighting,Atari,0.36,0.01,0,0.06,0.44
8219,Monkey Island: Special Edition Collection,PC,2011,Adventure,LucasArts,0,0.14,0,0.04,0.17
7077,Critical Depth,PS,1997,Action,GT Interactive,0.13,0.09,0,0.01,0.23
13408,Wolfenstein,PC,2009,Shooter,Activision,0.01,0.03,0,0.01,0.05
14598,Drome Racers,GC,2003,Racing,Electronic Arts,0.02,0.01,0,0,0.03
14353,A Good Librarian Like a Good Shepherd: Library Party,PSV,2015,Action,Kaga Create,0,0,0.03,0,0.03
5513,Battlestations: Pacific,X360,2009,Strategy,Eidos Interactive,0.17,0.12,0.01,0.03,0.33
9370,Hulk Hogan's Main Event,X360,2011,Fighting,505 Games,0.1,0.02,0,0.01,0.13
10542,The Destiny of Zorro,Wii,2009,Action,505 Games,0.1,0,0,0.01,0.1
6671,Final Fantasy II,WS,2001,Role-Playing,SquareSoft,0,0,0.25,0,0.25
7239,Touch the Dead,DS,2007,Shooter,Eidos Interactive,0.2,0,0,0.02,0.22
6172,MX SuperFly featuring Ricky Carmichael,PS2,2002,Racing,THQ,0.14,0.11,0,0.04,0.28
11777,Santa Claus Is Comin' to Town!,DS,2011,Puzzle,Crave Entertainment,0.07,0,0,0.01,0.07
10319,Yamaha Supercross,DS,2009,Racing,Zoo Digital Publishing,0.1,0,0,0.01,0.11
12621,Tabi no Yubisashi Kaiwachou DS: DS Series 3 Kankoku,DS,2006,Misc,Nintendo,0,0,0.06,0,0.06
8651,Imagine: Ice Champions,DS,2007,Sports,Spike,0.15,0,0,0.01,0.16
6104,The Golden Compass,PS3,2007,Action,Sega,0.14,0.1,0,0.05,0.29
5508,Way of the Samurai 2,PS2,2003,Action,Capcom,0.05,0.04,0.23,0.01,0.33
11810,Godai: Elemental Force,PS2,2002,Action,3DO,0.04,0.03,0,0.01,0.07
12244,Walt Disney Pictures Presents Enchanted,DS,2007,Platform,Disney Interactive Studios,0.04,0.01,0,0.01,0.07
10586,Little League World Series Baseball 2008,Wii,2008,Sports,Activision,0.09,0,0,0.01,0.1
11705,Tears to Tiara: Garland of the Earth,PS3,2008,Strategy,Aqua Plus,0,0,0.08,0,0.08
3332,Naruto: Ultimate Ninja,PS2,2003,Fighting,Atari,0.5,0.02,0,0.08,0.61
382,Assassin's Creed: Unity,XOne,2014,Action,Ubisoft,2.26,0.89,0,0.3,3.46
12754,Scrabble Blast!,GBA,2005,Misc,Zoo Digital Publishing,0.04,0.01,0,0,0.06
9558,Fuse (Insomniac),X360,2013,Shooter,Electronic Arts,0.08,0.04,0,0.01,0.13
2718,FIFA 15,Wii,2014,Sports,Electronic Arts,0.24,0.46,0,0.06,0.76
7137,FaceBreaker K.O. Party,Wii,2008,Fighting,Electronic Arts,0.2,0.01,0,0.02,0.22
9017,Rayman 3,GBA,2003,Platform,Ubisoft,0.1,0.04,0,0,0.14
12731,Nights of Azure,PS4,2015,Action,Tecmo Koei,0.03,0.02,0,0.01,0.06
12309,Kururin Paradise,GBA,2002,Puzzle,Unknown,0,0,0.06,0,0.06
5684,Power Rangers: Time Force,PS,2001,Action,THQ,0.18,0.12,0,0.02,0.32
6020,Ford Mustang: The Legend Lives,PS2,2005,Racing,Take-Two Interactive,0.14,0.11,0,0.04,0.29
9815,Fat Princess: Fistful of Cake,PSP,2010,Action,Sony Computer Entertainment,0.08,0.02,0,0.02,0.12
6547,Loving Life with Hello Kitty & Friends,DS,2011,Misc,Rising Star Games,0.15,0.08,0,0.02,0.26
7974,Jurassic: The Hunted,PS3,2009,Shooter,Activision,0.17,0,0,0.02,0.19
7286,Pass the Pigs,DS,2008,Misc,THQ,0.2,0,0,0.02,0.22
11101,Spider-Man: Edge of Time,Wii,2011,Action,Activision,0.06,0.02,0,0.01,0.09
152,Resident Evil 2,PS,1998,Action,Virgin Interactive,1.88,1.47,2.02,0.45,5.82
13862,Mobile Suit Gundam: Mokuba no Kiseki,PSP,2012,Action,Namco Bandai Games,0,0,0.04,0,0.04
3320,Madden NFL 2003,GBA,2002,Sports,Electronic Arts,0.44,0.16,0,0.01,0.61
725,LEGO Indiana Jones: The Original Adventures,DS,2008,Action,Activision,1.42,0.61,0,0.21,2.23
3805,Tiger Woods PGA Tour 11,X360,2010,Sports,Electronic Arts,0.28,0.2,0,0.05,0.53
13382,Intellivision Lives!,XB,2004,Misc,Crave Entertainment,0.03,0.01,0,0,0.05
4902,The House of The Dead III,XB,2002,Shooter,Sega,0.29,0.08,0,0.01,0.39
3003,Mass Effect,PC,2008,Role-Playing,Electronic Arts,0,0.59,0,0.09,0.68
2914,Lalaloopsy,DS,2011,Simulation,Activision,0.54,0.1,0,0.06,0.7
3419,SoulCalibur V,X360,2012,Fighting,Namco Bandai Games,0.39,0.14,0.02,0.04,0.59
6408,Payday 2,PS4,2015,Shooter,505 Games,0.09,0.14,0,0.04,0.27
11984,Battlezone: Rise of the Black Dogs,N64,2000,Strategy,Crave Entertainment,0.06,0.01,0,0,0.07
3787,Kirby and the Rainbow Curse,WiiU,2015,Platform,Nintendo,0.23,0.14,0.12,0.04,0.53
14199,Mashiro Iro Symphony: *mutsu-no-hana,PSP,2011,Adventure,Comfort,0,0,0.03,0,0.03
3938,Dishonored,PC,2012,Action,Bethesda Softworks,0.26,0.19,0,0.06,0.51
13024,Trick x Logic: Season 1,PSP,2010,Adventure,Sony Computer Entertainment,0,0,0.05,0,0.05
2303,We Ski & Snowboard,Wii,2008,Sports,Atari,0.38,0.29,0.15,0.08,0.9
11425,Adventure Time: Explore the Dungeon Because I Don't Know!,X360,2013,Action,D3Publisher,0.03,0.04,0,0.01,0.08
16275,Chaos;Head Noah,PSV,2014,Adventure,5pb,0,0,0.01,0,0.01
16511,The Rise of the Argonauts,PC,2008,Role-Playing,Codemasters,0,0.01,0,0,0.01
14182,Women's Volleyball Championship,PS2,2007,Sports,Spike,0,0,0.03,0,0.03
7481,BeyBlade VForce: Super Tournament Battle,GC,2002,Action,Atari,0.16,0.04,0,0.01,0.21
15770,Still Life 2,PC,2009,Adventure,Rondomedia,0,0.01,0,0,0.02
1307,Super Monkey Ball,GC,2001,Puzzle,Atari,0.95,0.37,0.1,0.04,1.46
5856,Blazing Heroes,SAT,1995,Role-Playing,Sega,0,0,0.3,0,0.3
12783,BattleBots: Beyond the BattleBox,GBA,2002,Action,Vivendi Games,0.04,0.01,0,0,0.06
14609,Detective Opera: Milky Holmes 2,PSP,2012,Adventure,BushiRoad,0,0,0.03,0,0.03
413,Wii Music,Wii,2008,Misc,Nintendo,1.36,1.13,0.46,0.32,3.27
16038,Kaitou Rousseau,DS,2006,Action,Namco Bandai Games,0,0,0.01,0,0.01
6603,Metroid Prime Pinball,DS,2005,Misc,Nintendo,0.21,0,0.02,0.02,0.26
1453,SaGa Frontier,PS,1997,Role-Playing,SquareSoft,0.15,0.04,1.07,0.09,1.35
1547,WWE '13,X360,2012,Action,THQ,0.72,0.45,0,0.11,1.28
15679,TV Anime Idolm@ster: Cinderella Girls G4U! Pack Vol.2,PS3,2015,Action,Namco Bandai Games,0,0,0.02,0,0.02
11649,Urban Reign,PS2,2005,Action,Namco Bandai Games,0.04,0.03,0,0.01,0.08
8524,N2O: Nitrous Oxide,PS,1998,Racing,Gremlin Interactive Ltd,0.09,0.06,0,0.01,0.16
1968,SOCOM: U.S. Navy SEALs Fireteam Bravo 2,PSP,2006,Shooter,Sony Computer Entertainment,0.81,0.11,0,0.13,1.05
1143,Gears of War: Judgment,X360,2013,Shooter,Microsoft Game Studios,0.92,0.53,0.03,0.13,1.61
11537,Bleach: Erabareshi Tamashii,PS2,2005,Adventure,Sony Computer Entertainment,0,0,0.08,0,0.08
1692,Pro Evolution Soccer 2008,Wii,2008,Sports,Konami Digital Entertainment,0.09,0.84,0.11,0.15,1.19
12136,Hammerin' Hero,PSP,2008,Action,Irem Software Engineering,0.06,0,0,0.01,0.07
10711,Arcania: Gothic 4,X360,2010,Role-Playing,JoWood Productions,0.03,0.04,0.01,0.01,0.1
10890,The Legend of Heroes: A Tear of Vermillion,PSP,2005,Role-Playing,Namco Bandai Games,0.08,0,0,0.01,0.09
15081,HatsuKare * Renai Debut Sengen!,PSP,2013,Adventure,FuRyu,0,0,0.02,0,0.02
13184,"Lupin III: Lupin ni wa Shi o, Zenigata ni wa Koi o",PS2,2007,Adventure,505 Games,0,0,0.05,0,0.05
10546,Metal Gear Solid HD Edition,PS3,2011,Action,Konami Digital Entertainment,0,0,0.1,0,0.1
54,Super Mario 3D Land,3DS,2011,Platform,Nintendo,4.89,2.99,2.13,0.78,10.79
11511,Famicom Mini: SD Gundam World Gachapon Senshi - Scramble Wars,GBA,2004,Strategy,Nintendo,0,0,0.08,0,0.08
1275,007: Quantum of Solace,X360,2008,Action,Activision,0.82,0.52,0.01,0.14,1.49
15653,Space Channel 5: Ulala's Cosmic Attack,GBA,2002,Misc,Atari,0.01,0,0,0,0.02
12834,Speed Kings,XB,2003,Racing,Acclaim Entertainment,0.04,0.01,0,0,0.05
6260,Pro Evolution Soccer 2013,PSP,2012,Sports,Konami Digital Entertainment,0,0.07,0.18,0.03,0.28
8233,The Chronicles of Narnia: Prince Caspian,PS3,2008,Action,Disney Interactive Studios,0.14,0.02,0,0.02,0.17
7421,Bastard!! Utsuro Naru Kamigami no Utsuwa,PS,1996,Role-Playing,Seta Corporation,0,0,0.2,0.01,0.21
2044,Prince of Persia,X360,2008,Action,Ubisoft,0.54,0.35,0.02,0.1,1.01
15644,Grisaia no Rakuen: Le Eden de la Grisaia,PSV,2014,Adventure,Prototype,0,0,0.02,0,0.02
4676,NBA Jam,PS2,2003,Sports,Acclaim Entertainment,0.2,0.16,0,0.05,0.41
898,Monopoly,Wii,2008,Misc,Electronic Arts,0.87,0.85,0,0.2,1.92
5111,Reel Fishing III,PS2,2003,Sports,Natsume,0.18,0.14,0,0.05,0.37
12906,Arcana Heart 3,X360,2011,Fighting,PQube,0,0.03,0.02,0,0.05
5335,Jikkyou Powerful Pro Yakyuu 7,PS2,2000,Sports,Konami Digital Entertainment,0,0,0.35,0,0.35
10203,Soma Bringer,DS,2008,Role-Playing,Nintendo,0,0,0.11,0,0.11
9895,The Penguins of Madagascar: Dr. Blowhole Returns - Again!,DS,2011,Action,THQ,0.07,0.03,0,0.01,0.12
7502,Mary-Kate and Ashley: Girls Night Out,GBA,2002,Misc,Acclaim Entertainment,0.15,0.05,0,0,0.2
11438,Worms: A Space Oddity,Wii,2008,Strategy,THQ,0.06,0.02,0,0.01,0.08
4124,Football Manager 2015,PC,2014,Simulation,Sega,0,0.43,0,0.05,0.48
7055,Deadly Creatures,Wii,2009,Action,THQ,0.08,0.12,0,0.03,0.23
2682,Maximo: Ghosts to Glory,PS2,2001,Platform,Capcom,0.38,0.29,0,0.1,0.77
1058,NCAA Football 07,PS2,2006,Sports,Electronic Arts,1.41,0.05,0,0.23,1.7
690,Chrono Trigger,SNES,1995,Role-Playing,SquareSoft,0.28,0,2.02,0.01,2.31
1627,Bayonetta,PS3,2009,Action,Sega,0.44,0.41,0.21,0.17,1.23
773,Toy Story 3: The Video Game,DS,2010,Action,Disney Interactive Studios,0.93,0.97,0.02,0.21,2.12
14482,The Peanuts Movie: Snoopy's Grand Adventure,3DS,2015,Action,Activision,0,0.03,0,0,0.03
4932,All-Star Baseball 2000,N64,1999,Sports,Acclaim Entertainment,0.36,0.03,0,0,0.39
1742,EA Sports Active: More Workouts,Wii,2009,Sports,Electronic Arts,0.78,0.28,0,0.1,1.16
47,Super Mario 64,N64,1996,Platform,Nintendo,6.91,2.85,1.91,0.23,11.89
8643,F-Zero: GP Legend,GBA,2003,Racing,Nintendo,0.11,0.04,0,0,0.16
7100,BlowOut,PS2,2003,Shooter,Zoo Digital Publishing,0.11,0.09,0,0.03,0.23
1930,NHL 99,PS,1997,Sports,Electronic Arts,0.59,0.4,0,0.07,1.07
6716,NBA Jam Tournament Edition,PS,1995,Sports,Acclaim Entertainment,0.14,0.09,0,0.02,0.25
10274,GiFTPiA,GC,N/A,Role-Playing,Unknown,0,0,0.11,0,0.11
1852,The Legend of Zelda: Tri Force Heroes,3DS,2015,Action,Nintendo,0.52,0.33,0.17,0.08,1.1
4749,Armored Core 2: Another Age,PS2,2001,Simulation,Metro 3D,0.11,0.08,0.19,0.03,0.41
13760,Saru! Get You! Pipo Saru Senki,PSP,2009,Role-Playing,Sony Computer Entertainment,0,0,0.04,0,0.04
2081,Puzzler Collection,DS,2008,Puzzle,Ubisoft,0.17,0.78,0,0.04,1
10582,World Series of Poker 2008: Battle for the Bracelets,PS3,2007,Misc,Activision,0.08,0.01,0,0.01,0.1
8514,The Legend of Heroes VII: The Trail of Zero,PSP,2010,Role-Playing,Falcom Corporation,0,0,0.16,0,0.16
14868,Moyashimon DS,DS,2009,Action,Takara Tomy,0,0,0.03,0,0.03
16533,S√©bastien Loeb Rally Evo,XOne,2016,Racing,Milestone S.r.l,0,0.01,0,0,0.01
2047,Ninja Gaiden II,X360,2008,Action,Tecmo Koei,0.65,0.22,0.05,0.1,1.01
12583,Teenage Mutant Ninja Turtles 3: Mutant Nightmare,DS,2005,Action,Konami Digital Entertainment,0.05,0,0,0,0.06
15228,Diabolik Lovers: More Blood,PSV,2015,Adventure,Idea Factory,0,0,0.02,0,0.02
16000,Black Cat,PS2,2006,Action,Capcom,0,0,0.01,0,0.01
4719,LEGO Jurassic World,PSV,2015,Action,Warner Bros. Interactive Entertainment,0.09,0.23,0,0.09,0.41
4908,The Darkness II,X360,2012,Shooter,Take-Two Interactive,0.24,0.12,0,0.03,0.39
12013,Ghost in the Shell: Stand Alone Complex,PSP,2005,Adventure,Atari,0.06,0,0,0.01,0.07
4358,Yu-Gi-Oh! Destiny Board Traveler,GBA,2004,Misc,Konami Digital Entertainment,0.32,0.12,0,0.01,0.45
3900,Summoner,PS2,2000,Role-Playing,THQ,0.25,0.2,0,0.07,0.51
5107,Phantasy Star Portable 2: Infinity,PSP,2011,Role-Playing,Sega,0,0,0.37,0,0.37
12393,There,PS,2002,Simulation,Infogrames,0.03,0.02,0,0,0.06
7034,Ultimate Duck Hunting: Hunting & Retrieving Ducks,Wii,2007,Sports,Detn8 Games,0.21,0,0,0.02,0.23
10359,Saigo no Yakusoku no Monogatari,PSP,2011,Role-Playing,Unknown,0,0,0.11,0,0.11
14698,Prince of Persia (2008),PC,2008,Action,Ubisoft,0,0.02,0,0,0.03
8171,Juiced,XB,2005,Racing,THQ,0.13,0.04,0,0.01,0.18
273,Gran Turismo 5 Prologue,PS3,2007,Racing,Sony Computer Entertainment,1.28,1.83,0.57,0.53,4.2
1043,Game Party 3,Wii,2009,Puzzle,Warner Bros. Interactive Entertainment,1.43,0.16,0,0.12,1.71
2217,Phantasy Star Portable,PSP,2008,Role-Playing,Sega,0.19,0.06,0.63,0.05,0.94
8823,NBA Street Homecourt,PS3,2007,Sports,Electronic Arts,0.12,0.02,0,0.02,0.15
11433,Little League World Series Baseball: Double Play,DS,2010,Sports,Activision,0.08,0,0,0.01,0.08
7431,Way of the Samurai 3,X360,2009,Action,Gamebridge,0.12,0.05,0.02,0.02,0.21
16593,Eiyuu Densetsu: Sora no Kiseki Material Collection Portable,PSP,2007,Role-Playing,Falcom Corporation,0,0,0.01,0,0.01
1289,SoulCalibur IV,PS3,2008,Fighting,Ubisoft,0.72,0.41,0.14,0.2,1.47
12866,Learn Science,DS,2010,Misc,DreamCatcher Interactive,0.05,0,0,0,0.05
6215,Real Pool,PS2,2000,Sports,Midas Interactive Entertainment,0.14,0.11,0,0.04,0.28
10760,Luminous Arc 2 (JP sales),DS,N/A,Role-Playing,Unknown,0,0,0.1,0,0.1
9590,Derby Stallion Advance,GBA,2002,Sports,Enterbrain,0,0,0.12,0,0.13
7139,Gekijouban Macross F: Sayonara no Tsubasa - Hybrid Pack,PS3,2011,Action,Namco Bandai Games,0,0,0.22,0,0.22
10012,NASCAR 07,PS2,2006,Racing,Electronic Arts,0.06,0.04,0,0.01,0.11
4411,Yu-Gi-Oh! Capsule Monster Coliseum,PS2,2004,Misc,Konami Digital Entertainment,0.22,0.17,0,0.06,0.44
12373,Mega Minis Volume 3,PSP,2011,Misc,Sony Computer Entertainment,0,0.05,0,0.02,0.06
2133,Mass Effect 3,PC,2012,Role-Playing,Electronic Arts,0.4,0.44,0,0.13,0.97
11681,The Legend of Kage 2,DS,2008,Action,Square Enix,0.07,0,0,0,0.08
2160,Star Soldier,NES,1986,Shooter,Hudson Soft,0.32,0.06,0.57,0.01,0.96
11661,"Ni Hao, Kai-lan: Super Game Day",PS2,2009,Misc,Take-Two Interactive,0.04,0.03,0,0.01,0.08
3347,Disney Infinity,WiiU,2013,Action,Disney Interactive Studios,0.33,0.22,0,0.05,0.6
10041,Heart Catch PreCure! Oshare Collection,DS,2010,Action,Namco Bandai Games,0,0,0.11,0,0.11
5892,Harry Potter and the Order of the Phoenix,X360,2007,Action,Electronic Arts,0.24,0.04,0,0.02,0.3
4799,NFL GameDay 2003,PS2,N/A,Sports,Unknown,0.2,0.15,0,0.05,0.4
4108,Wu-Tang: Shaolin Style,PS,1998,Fighting,Activision,0.27,0.18,0,0.03,0.48
3600,Lips: Number One Hits,X360,2009,Misc,Microsoft Game Studios,0.15,0.35,0,0.07,0.56
7452,Super Robot Taisen K,DS,2009,Strategy,Namco Bandai Games,0,0,0.21,0,0.21
9490,The History Channel: Great Battles - Medieval,X360,2010,Strategy,Slitherine Software,0.08,0.04,0,0.01,0.13
998,BioShock Infinite,PS3,2013,Shooter,Take-Two Interactive,0.72,0.69,0.04,0.31,1.76
2063,NES Open Tournament Golf,NES,1991,Sports,Nintendo,0.41,0.1,0.47,0.02,1
11867,Just Dance: Disney Party 2,X360,2015,Action,Ubisoft,0.05,0.01,0,0.01,0.07
5495,Extra Bases,GB,1990,Sports,Namco Bandai Games,0,0,0.33,0,0.33
13735,NHL Hitz Pro,GC,N/A,Sports,Unknown,0.03,0.01,0,0,0.04
2709,Mega Man Battle Network 6: Cybeast Falzar / Gregar,GBA,2005,Role-Playing,Capcom,0.09,0.03,0.62,0.02,0.76
13557,WarTech: Senko no Ronde,X360,2006,Fighting,Ubisoft,0.04,0,0,0,0.04
794,Dead Rising,X360,2006,Action,Capcom,1.16,0.65,0.08,0.2,2.09
4948,Marvel: Ultimate Alliance,PS3,2006,Role-Playing,Activision,0.33,0.02,0,0.04,0.39
4960,Ice Age 2: The Meltdown,PS2,2006,Platform,Vivendi Games,0.19,0.15,0,0.05,0.39
739,Pro Yakyuu Family Stadium,NES,1986,Sports,Namco Bandai Games,0.15,0,2.05,0,2.2
14808,Galileo,DS,2008,Adventure,D3Publisher,0,0,0.03,0,0.03
13447,Hakuouki SSL: Sweet School Life,PSV,2014,Adventure,Idea Factory,0,0,0.05,0,0.05
3255,Tak 2: The Staff of Dreams,PS2,2004,Platform,THQ,0.3,0.24,0,0.08,0.62
1277,New Play Control! Mario Power Tennis,Wii,2009,Sports,Nintendo,0.37,0.69,0.28,0.14,1.48
267,Daxter,PSP,2006,Platform,Sony Computer Entertainment,2.45,1.02,0,0.75,4.22
13889,Famicom Remix Best Choice,3DS,2015,Action,Nintendo,0,0,0.04,0,0.04
1198,Stuntman,PS2,2002,Racing,Atari,0.76,0.59,0,0.2,1.55
302,Left 4 Dead 2,X360,2009,Shooter,Electronic Arts,2.67,0.89,0.05,0.37,3.99
14311,Hallowed Legends: Samhain,PC,2011,Adventure,Focus Home Interactive,0,0.02,0,0.01,0.03
13084,Keroro Gunsou: Enshuu da Yo! Zenin Shuugou Part 2,DS,2007,Action,Namco Bandai Games,0,0,0.05,0,0.05
1218,Die Hard Trilogy,PS,1996,Shooter,Fox Interactive,0.85,0.58,0,0.1,1.54
6286,Littlest Pet Shop: Beach Friends,DS,2009,Simulation,Electronic Arts,0.25,0,0,0.02,0.27
9224,Wild ARMs XF,PSP,2007,Role-Playing,505 Games,0.07,0,0.06,0.01,0.14
6516,Disney Sing It: Pop Hits,PS3,2009,Misc,Disney Interactive Studios,0.17,0.05,0,0.03,0.26
14582,Bladestorm: Nightmare,PS3,2015,Action,Tecmo Koei,0,0,0.03,0,0.03
3103,F-Zero GX,GC,2003,Racing,Nintendo,0.41,0.11,0.12,0.02,0.65
6886,Are You Smarter than a 5th Grader? Game Time,DS,2009,Puzzle,THQ,0.22,0,0,0.02,0.24
462,Saints Row 2,X360,2008,Action,THQ,1.94,0.8,0.02,0.27,3.03
10056,Growlanser Generations,PS2,2003,Role-Playing,Atlus,0.06,0.04,0,0.01,0.11
7279,Madden NFL 07,DS,2006,Sports,Electronic Arts,0.2,0,0,0.02,0.22
14552,Phantasy Star Online 2: Episode 3 Deluxe Package,PSV,2015,Action,Sega,0,0,0.03,0,0.03
4694,Wheel of Fortune: 2nd Edition,PS,2000,Misc,Hasbro Interactive,0.23,0.16,0,0.03,0.41
13145,The Lost Treasures of Alexandria,DS,2011,Puzzle,Unknown,0,0.04,0,0.01,0.05
5822,Imagine: Family Doctor,DS,2009,Simulation,Ubisoft,0.28,0.01,0,0.02,0.3
2533,Dragon Warrior III,GB,2000,Role-Playing,Enix Corporation,0,0,0.81,0,0.81
94,Call of Duty: Advanced Warfare,PS4,2014,Shooter,Activision,2.8,3.3,0.14,1.37,7.6
13911,Adidas Power Soccer,PS,1996,Sports,Psygnosis,0.02,0.01,0,0,0.04
9695,Fire ProWrestling S: 6Men Scramble,SAT,1996,Fighting,Human Entertainment,0,0,0.12,0,0.12
4427,Metro: Last Light,PS3,2013,Action,Deep Silver,0.14,0.2,0.03,0.08,0.44
2413,Winning Eleven: Pro Evolution Soccer 2007,PSP,2006,Sports,Konami Digital Entertainment,0.01,0.72,0.12,0.01,0.86
11250,MetropolisMania,PS2,2001,Strategy,Natsume,0.04,0.03,0,0.01,0.09
5337,EverGrace,PS2,2000,Role-Playing,Ubisoft,0.1,0.08,0.15,0.03,0.35
1986,MySims Agents,Wii,2009,Adventure,Electronic Arts,0.62,0.32,0,0.1,1.05
7,New Super Mario Bros.,DS,2006,Platform,Nintendo,11.38,9.23,6.5,2.9,30.01
9469,The Oregon Trail,3DS,2011,Simulation,Crave Entertainment,0.12,0,0,0.01,0.13
9551,Venetica,PS3,2010,Role-Playing,DTP Entertainment,0.07,0.04,0,0.02,0.13
8814,Prince of Persia: The Sands of Time,GBA,2003,Action,Ubisoft,0.11,0.04,0,0,0.15
11958,Dave Mirra BMX Challenge,Wii,2007,Sports,505 Games,0.06,0,0,0.01,0.07
7061,Risen 2: Dark Waters,PC,2012,Role-Playing,Deep Silver,0,0.19,0,0.04,0.23
12688,Scurge: Hive,DS,2006,Action,SouthPeak Games,0.05,0,0,0,0.06
307,Tony Hawk's Underground,PS2,2003,Sports,Activision,2.29,1.17,0.01,0.42,3.9
11298,Prisoner of War,XB,2002,Adventure,Atari,0.06,0.02,0,0,0.08
1746,Midnight Club 3: DUB Edition Remix,PS2,2006,Racing,Take-Two Interactive,0.97,0.04,0,0.16,1.16
10136,Power Rangers: Super Legends,DS,2007,Action,Disney Interactive Studios,0.08,0.03,0,0.01,0.11
6481,Nancy Drew: The Mystery of the Clue Bender Society,DS,2008,Adventure,Codemasters,0.24,0,0,0.02,0.26
7847,Inazuma Eleven Strikers 2012 Xtreme,Wii,2011,Role-Playing,Level 5,0,0,0.19,0,0.19
13932,Train Simulator 2016,PC,2015,Simulation,Unknown,0,0.04,0,0,0.04
1436,Marvel vs. Capcom 3: Fate of Two Worlds,PS3,2011,Fighting,Capcom,0.81,0.29,0.11,0.14,1.35
13283,Smash Court Tennis 3,PSP,2007,Sports,Namco Bandai Games,0.01,0.01,0.01,0.01,0.05
7582,X2: Wolverine's Revenge,GBA,2003,Platform,Activision,0.14,0.05,0,0,0.2
10977,Fighting Fantasy: The Warlock of Firetop Mountain,DS,2009,Role-Playing,Aspyr,0.09,0,0,0.01,0.09
10097,JASF: Jane's Advanced Strike Fighters,PS3,2011,Simulation,Deep Silver,0.07,0.03,0,0.02,0.11
5133,Harry Potter and the Order of the Phoenix,PSP,2007,Action,Electronic Arts,0.1,0.17,0,0.1,0.37
5483,BeatMania Append GottaMix,PS,1999,Simulation,Konami Digital Entertainment,0,0,0.31,0.02,0.33
10783,Paws & Claws: Pet Vet,Wii,2009,Simulation,THQ,0.09,0,0,0.01,0.1
7009,Sword Art Online: Lost Song,PS4,2015,Role-Playing,Namco Bandai Games,0.09,0.1,0,0.04,0.23
13605,Dance Dance Revolution Disney Mix,PS,2000,Simulation,Konami Digital Entertainment,0.02,0.02,0,0,0.04
8816,Zoids: Battle Legends,GC,2003,Action,Tomy Corporation,0.12,0.03,0,0,0.15
10646,Fifi and the Flowertots,DS,2009,Misc,Avanquest,0,0.09,0,0.01,0.1
13772,Terraria,XOne,2014,Action,505 Games,0,0.04,0,0,0.04
12712,Constantine,XB,2005,Action,SCi,0.04,0.01,0,0,0.06
765,Mahjong,NES,1983,Misc,Nintendo,0.01,0,2.13,0,2.14
13346,Wonder World Amusement Park,Wii,2008,Misc,Majesco Entertainment,0.04,0,0,0,0.05
6460,King's Field II,PS,1996,Role-Playing,From Software,0.08,0.06,0.11,0.02,0.26
6202,The Adventures of Jimmy Neutron Boy Genius: Attack of the Twonkies,GC,2004,Action,THQ,0.22,0.06,0,0.01,0.28
6362,Rock Revolution,X360,2008,Misc,Konami Digital Entertainment,0.25,0,0,0.02,0.27
9142,Gretzky NHL 06,PS2,2005,Sports,Sony Computer Entertainment,0.07,0.05,0,0.02,0.14
9981,Hisshou Pachinko*Pachi-Slot Kouryaku Series Vol.10: CR Shinseiki Evangelion: Kiseki no Kachi,PS2,2007,Misc,D3Publisher,0,0,0.12,0,0.12
14817,Madden NFL 07,GBA,2006,Sports,Electronic Arts,0.02,0.01,0,0,0.03
5028,Metal Gear Solid: Snake Eater 3D,3DS,2012,Action,Konami Digital Entertainment,0.15,0.11,0.1,0.02,0.38
8283,Space Battleship Yamato: Harukanaru Hoshi Iscandar,PS,1999,Strategy,Namco Bandai Games,0,0,0.16,0.01,0.17
2335,Classic NES Series: The Legend of Zelda,GBA,2004,Adventure,Nintendo,0.46,0.17,0.24,0.02,0.89
1887,Star Wars: Bounty Hunter,PS2,2002,Shooter,LucasArts,0.53,0.42,0,0.14,1.09
8313,Jillian Michaels Fitness Ultimatum 2011,Wii,2010,Sports,D3Publisher,0.16,0,0,0.01,0.17
1452,Crysis 2,X360,2011,Action,Electronic Arts,0.7,0.5,0.02,0.12,1.35
12915,Uta no Prince-Sama: Music 3,PSV,2016,Action,Broccoli,0,0,0.05,0,0.05
7453,Mortal Kombat: Special Forces,PS,2000,Fighting,Midway Games,0.12,0.08,0,0.01,0.21
13903,Tokumei Sentai Go-Busters,DS,2012,Action,Namco Bandai Games,0,0,0.04,0,0.04
7853,Need for Speed: Shift 2 Unleashed,PC,2011,Racing,Electronic Arts,0.05,0.11,0,0.03,0.19
5186,LocoRoco 2,PSP,2008,Platform,Sony Computer Entertainment,0.21,0.09,0.01,0.05,0.36
14974,Omega Quintet,PS4,2014,Role-Playing,Compile Heart,0,0,0.02,0,0.02
14348,SingStar Chartbreaker,PS3,2009,Misc,Sony Computer Entertainment,0,0.02,0,0.01,0.03
6232,Deer Hunter,PS2,2003,Sports,Atari,0.14,0.11,0,0.04,0.28
12286,My Pet Chimp,DS,2010,Simulation,505 Games,0.06,0,0,0,0.06
8320,Tokyo Xtreme Racer,DC,1999,Racing,Genki,0,0,0.17,0,0.17
8288,Despicable Me: The Game,PSP,2010,Platform,D3Publisher,0.05,0.08,0,0.04,0.17
7104,The Raiden Project,PS,1995,Shooter,Ocean,0.06,0.04,0.12,0.01,0.23
15989,Sora no Otoshimono: DokiDoki Summer Vacation,PSP,2010,Adventure,Kadokawa Shoten,0,0,0.01,0,0.01
14403,Boot Camp Academy,Wii,2010,Action,Zoo Games,0.03,0,0,0,0.03
7404,Hot Shots Tennis: Get a Grip,PSP,2010,Sports,Sony Computer Entertainment,0.06,0,0.13,0.01,0.21
7179,MotoGP 09/10,PS3,2010,Racing,Capcom,0.05,0.13,0,0.04,0.22
3586,Backyard NFL Football,GBA,2002,Sports,Infogrames,0.4,0.15,0,0.01,0.56
6495,Lumines: Electronic Symphony,PSV,2012,Misc,Ubisoft,0.11,0.1,0.01,0.05,0.26
1067,WCW/NWO Thunder,PS,1998,Fighting,THQ,1.1,0.48,0.04,0.07,1.69
12671,Generation of Chaos,PSP,2005,Role-Playing,Midas Interactive Entertainment,0.05,0,0,0,0.06
16575,Scarlett: Nichijou no Kyoukaisen,PS2,2008,Adventure,Kadokawa Shoten,0,0,0.01,0,0.01
8114,The Adventures of Cookie & Cream,PS2,2000,Puzzle,Empire Interactive,0.09,0.07,0,0.02,0.18
15445,Legend of Kay Anniversary,PS4,2015,Action,Nordic Games,0,0.02,0,0,0.02
3416,Payday 2,X360,2013,Shooter,505 Games,0.33,0.21,0,0.05,0.59
15594,Puzzle Guzzle,PSP,2007,Puzzle,DHM Interactive,0.02,0,0,0,0.02
7969,Ty the Tasmanian Tiger 3: Night of the Quinkan,PS2,2005,Action,Activision,0.09,0.07,0,0.02,0.19
9240,Pro Yakyuu Netsu Star 2006,PS2,2006,Sports,Namco Bandai Games,0,0,0.14,0,0.14
7333,Disaster Report,PS2,2002,Action,Agetec,0.03,0.02,0.15,0.01,0.21
16496,The Smurfs,3DS,N/A,Action,Unknown,0,0.01,0,0,0.01
13439,Ape Escape,PS3,2010,Platform,Sony Computer Entertainment,0,0.03,0,0.01,0.05
10950,Def Jam Fight For NY: The Takeover,PSP,2006,Action,Electronic Arts,0.08,0,0,0.01,0.09
15570,Mary King's Riding School 2,Wii,2009,Simulation,Midas Interactive Entertainment,0,0.02,0,0,0.02
11601,Grease Dance,PS3,2011,Misc,505 Games,0.05,0.02,0,0.01,0.08
15339,Kung Fu Panda: Showdown of Legendary Legends,3DS,2015,Action,Little Orbit,0,0.02,0,0,0.02
12343,Growlanser IV: Over Reloaded,PSP,2011,Role-Playing,Atlus,0,0,0.06,0,0.06
10555,Freaky Flyers,PS2,2003,Racing,Midway Games,0.05,0.04,0,0.01,0.1
4445,LEGO Star Wars II: The Original Trilogy,XB,2006,Action,LucasArts,0.33,0.1,0,0.02,0.44
1709,LEGO Indiana Jones: The Original Adventures,PSP,2008,Action,LucasArts,0.4,0.49,0,0.29,1.18
10262,Bust-A-Move DS,DS,2005,Puzzle,505 Games,0.08,0.02,0,0.01,0.11
5149,Shin Megami Tensei II,SNES,1994,Role-Playing,Atlus,0,0,0.37,0,0.37
11374,Steins;Gate,PS3,2012,Adventure,PQube,0.01,0.04,0.02,0.01,0.08
16504,"Transformers: War for Cybertron (XBox 360, PS3, & PC Versions)",PC,2010,Shooter,Activision,0.01,0,0,0,0.01
2827,Rabbids Go Home,DS,2009,Platform,Ubisoft,0.35,0.3,0,0.07,0.72
9826,Sega Soccer Slam,PS2,2002,Sports,Sega,0.06,0.05,0,0.02,0.12
2144,Romancing SaGa,SNES,1992,Role-Playing,SquareSoft,0,0,0.97,0,0.97
11019,Junior Mystery Quest,DS,2011,Puzzle,GSP,0.07,0.01,0,0.01,0.09
9860,Lost Magic,DS,2006,Role-Playing,Ubisoft,0.09,0,0.02,0.01,0.12
14080,NHRA Drag Racing: Countdown to the Championship,PS2,2007,Racing,THQ,0.02,0.01,0,0,0.04
8062,X-Men Origins: Wolverine,PS2,2009,Action,Activision,0.13,0,0,0.05,0.18
14225,Tail Concerto,PS,1998,Adventure,Namco Bandai Games,0.02,0.01,0,0,0.03
7395,Darkwatch,XB,2005,Shooter,Ubisoft,0.16,0.05,0,0.01,0.21
7018,The Incredible Hulk: Ultimate Destruction,XB,2005,Action,Vivendi Games,0.17,0.05,0,0.01,0.23
15416,Gakuen K: Wonderful School Days,PSP,2014,Adventure,Idea Factory,0,0,0.02,0,0.02
10232,Ninja Assault,PS2,2002,Shooter,Namco Bandai Games,0.05,0.04,0,0.01,0.11
13919,The Ripping Friends,GBA,2002,Action,THQ,0.03,0.01,0,0,0.04
9582,Star Wars: Clone Wars,XB,2003,Shooter,LucasArts,0.1,0.03,0,0,0.13
3833,Fight Night Round 3,PSP,2006,Fighting,Electronic Arts,0.46,0.02,0,0.05,0.52
1499,Skylanders Giants,X360,2012,Action,Activision,0.75,0.45,0,0.11,1.32
10736,Power Stone Collection,PSP,2006,Action,Capcom,0.08,0,0,0.01,0.1
9091,PaRappa The Rapper 2,PS2,2001,Misc,Sony Computer Entertainment,0.07,0.05,0,0.02,0.14
74,Animal Crossing: New Leaf,3DS,2012,Simulation,Nintendo,2.01,2.32,4.36,0.41,9.09
6928,DanceDanceRevolution II,Wii,N/A,Misc,Konami Digital Entertainment,0.22,0,0,0.02,0.24
12157,Cities XL 2012,PC,2011,Strategy,Focus Home Interactive,0.01,0.05,0,0.01,0.07
11931,Haunting Ground,PS2,2005,Action,Capcom,0.03,0.03,0,0.01,0.07
10728,Ultra Street Fighter IV,PS4,2015,Fighting,Capcom,0,0.08,0,0.01,0.1
6312,Rocky: Legends,PS2,2004,Action,Ubisoft,0.13,0.1,0,0.03,0.27
3734,Terminator Salvation,PS3,2009,Shooter,Warner Bros. Interactive Entertainment,0.13,0.29,0.01,0.11,0.54
2880,MLB 10: The Show,PS3,2010,Sports,Sony Computer Entertainment,0.66,0,0,0.05,0.71
9113,The Da Vinci Code,PS2,2006,Action,Take-Two Interactive,0.07,0.05,0,0.02,0.14
1142,NFL Street 2,PS2,2004,Sports,Electronic Arts,0.79,0.62,0,0.21,1.61
5683,Momotarou Dentetsu Happy,SNES,1996,Misc,Hudson Soft,0,0,0.32,0,0.32
7002,Rock Band Track Pack: Classic Rock,Wii,2009,Misc,MTV Games,0.22,0,0,0.02,0.23
5606,Ben 10 Ultimate Alien: Cosmic Destruction,DS,2010,Platform,D3Publisher,0.22,0.08,0,0.03,0.32
11738,Party Pigs: Farmyard Games,Wii,2009,Misc,Data Design Interactive,0.07,0,0,0,0.07
1363,Pro Yakyuu Family Stadium '87,NES,1987,Sports,Namco Bandai Games,0.12,0,1.3,0,1.42
10583,Wasteland 2,PS4,2015,Role-Playing,Deep Silver,0.07,0,0.01,0.02,0.1
14595,Grid Runner,PS,1996,Action,Virgin Interactive,0.02,0.01,0,0,0.03
15561,Garfield's Nightmare,DS,2007,Platform,Game Factory,0.01,0,0,0,0.02
5866,Zoo Tycoon 2 DS,DS,2008,Strategy,THQ,0.24,0.03,0,0.02,0.3
1644,NBA Live 99,PS,1997,Sports,Electronic Arts,1.13,0.05,0,0.03,1.22
1523,Romancing SaGa 3,SNES,1995,Role-Playing,SquareSoft,0,0,1.29,0.01,1.3
4365,Fatal Fury 2,SNES,1993,Fighting,Takara,0,0,0.45,0,0.45
1586,Star Wars: The Force Unleashed,PS2,2008,Action,LucasArts,0.49,0,0.01,0.75,1.25
2420,Ford Racing,PS,2001,Racing,Empire Interactive,0.48,0.33,0,0.06,0.86
9540,Dragon Quest Heroes II: Twin Kings and the Prophecy's End,PS3,2016,Action,Square Enix,0,0,0.13,0,0.13
12247,Atelier Meruru: Alchemist of Arland 3,PSV,2013,Role-Playing,Gust,0,0,0.06,0,0.06
507,Madden NFL 13,X360,2012,Sports,Electronic Arts,2.53,0.16,0,0.17,2.86
3463,Frozen: Olaf's Quest,3DS,2013,Platform,Disney Interactive Studios,0.27,0.26,0,0.05,0.58
4560,Petz: Horsez 2,Wii,2007,Simulation,Ubisoft,0.39,0,0,0.03,0.43
4321,Enter the Matrix,GC,2003,Action,Atari,0.34,0.09,0.02,0.01,0.45
7584,Cars,XB,2006,Racing,THQ,0.15,0.04,0,0.01,0.2
9321,Salt Lake 2002,PS2,2002,Sports,Eidos Interactive,0.07,0.05,0,0.02,0.14
129,Assassin's Creed III,PS3,2012,Action,Ubisoft,2.64,2.56,0.16,1.14,6.5
13683,The Wolf Among Us,X360,2011,Adventure,Telltale Games,0.01,0.03,0,0,0.04
6237,Mass Effect Trilogy,PC,2012,Action,Electronic Arts,0.09,0.16,0,0.03,0.28
5679,Littlest Pet Shop: City Friends,DS,2009,Simulation,Electronic Arts,0.29,0,0,0.02,0.32
12196,Armored Core: Nine Breaker,PS2,2004,Simulation,505 Games,0.03,0.03,0,0.01,0.07
8795,Darksiders,PC,2010,Action,THQ,0.07,0.06,0,0.02,0.15
14695,Darius Burst: Chronicle Saviours,PSV,2016,Action,Kadokawa Games,0,0,0.03,0,0.03
1280,Nintendo World Cup,NES,1990,Sports,Nintendo,0.28,0.5,0.65,0.05,1.48
1973,Adventure Island,NES,1986,Platform,Hudson Soft,0,0,1.05,0,1.05
366,Battlefield 4,X360,2013,Shooter,Electronic Arts,2.14,1.08,0.02,0.29,3.53
4032,Lollipop Chainsaw,X360,2012,Action,Warner Bros. Interactive Entertainment,0.31,0.13,0.02,0.04,0.49
8582,Power Stakes,PS,1997,Sports,Aques,0,0,0.15,0.01,0.16
13316,Wii de Asobu Chibi-Robo!,Wii,2009,Adventure,Nintendo,0,0,0.05,0,0.05
5657,7 Wonders II,DS,2009,Puzzle,Rondomedia,0.14,0.15,0,0.03,0.32
2861,Dragon Quest Swords: The Masked Queen and the Tower of Mirrors,Wii,2007,Role-Playing,Square Enix,0.18,0.01,0.5,0.02,0.71
5549,"Carnival Games: Monkey See, Monkey Do!",X360,2011,Misc,Take-Two Interactive,0.14,0.16,0,0.03,0.33
7156,G-Force,PS3,2009,Action,Disney Interactive Studios,0.13,0.06,0,0.03,0.22
2075,Zoo Tycoon DS,DS,2005,Strategy,THQ,0.86,0.04,0.01,0.08,1
3209,Condemned 2: Bloodshot,X360,2008,Action,Sega,0.38,0.19,0,0.06,0.63
11920,NCAA College Football 2K3,GC,2002,Sports,Sega,0.05,0.01,0,0,0.07
8068,We Sing UK Hits,Wii,2011,Misc,Nordic Games,0,0.16,0,0.02,0.18
9721,Puzzle Quest 2,DS,2010,Puzzle,D3Publisher,0.11,0,0,0.01,0.12
5378,Radiant Historia,DS,2010,Role-Playing,Atlus,0.24,0,0.09,0.02,0.34
11518,Shonen Jump's One Piece: Pirates Carnival,GC,2005,Misc,Namco Bandai Games,0.06,0.02,0,0,0.08
11677,Krazy Ivan,PS,1995,Simulation,Psygnosis,0.04,0.03,0,0,0.08
1192,Final Fight,SNES,1990,Action,Capcom,0.67,0.17,0.69,0.03,1.56
11568,The Voice,X360,2014,Action,Activision,0.07,0,0,0.01,0.08
13598,Card Fight!! Vanguard G: Stride to Victory!!,3DS,2016,Misc,FuRyu,0,0,0.04,0,0.04
1262,Ice Climber,NES,1985,Platform,Nintendo,0.46,0.1,0.92,0.02,1.5
6524,Nightmare Creatures,N64,1996,Action,Activision,0.21,0.05,0,0,0.26
1314,WCW vs the World,PS,1998,Fighting,THQ,1.17,0.2,0.04,0.05,1.46
3646,Simple 1500 Series Vol. 73: The Invaders ~Space Invaders 1500~,PS,2001,Shooter,D3Publisher,0.31,0.21,0,0.04,0.55
5390,The Urbz: Sims in the City,XB,2004,Simulation,Electronic Arts,0.22,0.11,0,0.01,0.34
3803,Bulletstorm,PS3,2011,Shooter,Electronic Arts,0.23,0.2,0.01,0.08,0.53
2236,Castlevania II: Simon's Quest,NES,1987,Platform,Konami Digital Entertainment,0.45,0.06,0.42,0,0.93
14704,Magicka,PC,2011,Role-Playing,Paradox Interactive,0,0.02,0,0.01,0.03
15610,Sega Ages 2500 Series Vol. 26: Dynamite Deka,PS2,2006,Action,Sega,0,0,0.02,0,0.02
6986,Pro Yakyuu Team o Tsukurou!,DC,1999,Sports,Sega,0,0,0.23,0,0.23
5827,Shrek Swamp Kart Speedway,GBA,2002,Racing,TDK Mediactive,0.22,0.08,0,0.01,0.3
15476,Adidas Power Soccer 98,PS,1998,Sports,Psygnosis,0.01,0.01,0,0,0.02
